{"type":"FeatureCollection","features":[{"type":"Feature","properties":{"regionId":"anhui"},"geometry":{"type":"Polygon","coordinates":[[[115.5086,32.4686],[115.4767,32.521],[115.4389,32.5326],[115.4437,32.5433],[115.4311,32.5524],[115.4089,32.55],[115.4116,32.5748],[115.3051,32.5532],[115.2971,32.5606],[115.3109,32.5705],[115.2985,32.5733],[115.3055,32.5832],[115.2994,32.5881],[115.2949,32.5811],[115.2892,32.5899],[115.2672,32.5781],[115.2547,32.585],[115.2613,32.5917],[115.2548,32.5952],[115.2298,32.5791],[115.2236,32.5815],[115.2295,32.5906],[115.2011,32.5918],[115.1922,32.6023],[115.2096,32.6117],[115.1994,32.6197],[115.1949,32.6424],[115.2027,32.6455],[115.2095,32.6367],[115.2089,32.6499],[115.2194,32.6592],[115.204,32.6539],[115.2052,32.6729],[115.1937,32.6829],[115.1895,32.6788],[115.1969,32.6727],[115.183,32.6668],[115.1785,32.6829],[115.1896,32.7709],[115.1821,32.7873],[115.2095,32.7854],[115.1899,32.8125],[115.1956,32.8289],[115.1889,32.8404],[115.2027,32.8435],[115.1986,32.8544],[115.1598,32.8623],[115.1405,32.8975],[115.0981,32.8948],[115.0862,32.9032],[115.0297,32.9068],[115.0354,32.9324],[114.9788,32.9413],[114.9518,32.9344],[114.9145,32.9716],[114.8939,32.9727],[114.8834,32.9838],[114.8849,32.9927],[114.9016,33.0004],[114.8919,33.0205],[114.9249,33.0167],[114.937,33.0255],[114.923,33.0361],[114.914,33.0828],[114.8973,33.0866],[114.9063,33.1166],[114.9029,33.1296],[114.9266,33.1385],[114.9327,33.154],[114.9581,33.15],[114.9689,33.1337],[114.9923,33.121],[114.9905,33.1029],[115.0412,33.0866],[115.0516,33.0925],[115.0574,33.0837],[115.1111,33.0829],[115.1679,33.0887],[115.1724,33.1081],[115.1971,33.1214],[115.2098,33.1135],[115.2463,33.1364],[115.2903,33.1324],[115.2929,33.1434],[115.3015,33.1416],[115.2968,33.2013],[115.3264,33.2113],[115.3163,33.2238],[115.3317,33.2356],[115.3305,33.252],[115.3401,33.2612],[115.335,33.2981],[115.3602,33.2981],[115.365,33.336],[115.3483,33.339],[115.3417,33.3712],[115.3161,33.371],[115.3133,33.3771],[115.3294,33.4017],[115.3174,33.4182],[115.3164,33.4489],[115.3233,33.4486],[115.3246,33.4576],[115.3359,33.4473],[115.3458,33.4498],[115.3438,33.4808],[115.3512,33.4904],[115.3454,33.5029],[115.3666,33.5235],[115.3968,33.502],[115.422,33.5568],[115.4637,33.5672],[115.4743,33.5573],[115.5019,33.5644],[115.5113,33.5534],[115.5286,33.5627],[115.5593,33.562],[115.565,33.5764],[115.6398,33.5851],[115.625,33.6256],[115.6016,33.6577],[115.5996,33.6883],[115.6072,33.6891],[115.5963,33.7003],[115.6016,33.7185],[115.5632,33.7717],[115.5822,33.7887],[115.6143,33.7757],[115.6233,33.812],[115.6166,33.82],[115.6361,33.8412],[115.6335,33.8673],[115.6209,33.8761],[115.6057,33.8674],[115.5795,33.877],[115.5462,33.8755],[115.5568,33.9037],[115.5683,33.9069],[115.5598,33.9145],[115.5626,33.9272],[115.5776,33.9501],[115.579,33.974],[115.5884,33.977],[115.591,33.9862],[115.5841,33.9886],[115.5927,34.0099],[115.6066,34.0132],[115.6011,34.023],[115.6151,34.0334],[115.6496,34.0356],[115.6536,34.0601],[115.6692,34.0567],[115.6998,34.066],[115.706,34.0598],[115.7358,34.0768],[115.7815,34.0622],[115.7803,34.0732],[115.8091,34.0625],[115.8452,34.0309],[115.8527,34.0038],[115.8771,34.0032],[115.8776,34.0299],[115.8873,34.0328],[115.9043,34.01],[115.9576,34.0078],[115.984,33.9878],[116.0003,33.9632],[115.9827,33.9172],[115.987,33.9012],[116.0125,33.8974],[116.0134,33.8857],[116.0435,33.8749],[116.0651,33.8475],[116.0635,33.8262],[116.046,33.829],[116.0623,33.8145],[116.0554,33.8048],[116.0733,33.7941],[116.0745,33.7815],[116.0991,33.7831],[116.1093,33.7582],[116.1317,33.7522],[116.1554,33.7099],[116.174,33.709],[116.2049,33.7268],[116.2266,33.7225],[116.2302,33.7349],[116.2636,33.7301],[116.2847,33.7501],[116.3082,33.7575],[116.3168,33.7713],[116.3287,33.7664],[116.3307,33.7738],[116.3487,33.7787],[116.3937,33.7831],[116.4082,33.8055],[116.4326,33.7953],[116.4373,33.8465],[116.453,33.847],[116.4602,33.8599],[116.4849,33.8698],[116.5019,33.8647],[116.5053,33.8724],[116.5212,33.8711],[116.5252,33.8805],[116.5369,33.8823],[116.5393,33.8742],[116.5467,33.8825],[116.5584,33.8815],[116.5583,33.9017],[116.5671,33.9082],[116.5971,33.9041],[116.6273,33.8886],[116.6427,33.8925],[116.64,33.9489],[116.6503,33.9591],[116.648,33.9733],[116.6072,33.9999],[116.6042,34.0213],[116.5803,34.0656],[116.558,34.0978],[116.5396,34.1035],[116.528,34.1229],[116.5347,34.1266],[116.536,34.151],[116.5655,34.1695],[116.56,34.1862],[116.5461,34.1955],[116.5436,34.2395],[116.5676,34.2512],[116.5824,34.2752],[116.5119,34.2965],[116.4569,34.2691],[116.4458,34.2882],[116.4307,34.2781],[116.4332,34.2702],[116.394,34.2761],[116.3722,34.2661],[116.3633,34.2763],[116.3734,34.2939],[116.3577,34.3198],[116.3016,34.3421],[116.2708,34.3707],[116.2136,34.3822],[116.2159,34.4033],[116.1792,34.4305],[116.1621,34.4594],[116.1788,34.4836],[116.1786,34.496],[116.2039,34.5087],[116.1909,34.5357],[116.197,34.5759],[116.2169,34.5751],[116.2334,34.5551],[116.2477,34.5518],[116.2861,34.6088],[116.325,34.6011],[116.334,34.6209],[116.351,34.6211],[116.3742,34.64],[116.4305,34.6508],[116.4328,34.6301],[116.4772,34.6151],[116.4914,34.589],[116.4924,34.5706],[116.5261,34.5534],[116.5206,34.5432],[116.5481,34.5429],[116.5952,34.5115],[116.599,34.5002],[116.5687,34.4925],[116.5751,34.4889],[116.6234,34.4886],[116.6626,34.473],[116.7229,34.4727],[116.7607,34.4626],[116.7737,34.4535],[116.7827,34.4302],[116.8281,34.3892],[116.867,34.3922],[116.9092,34.4083],[116.9693,34.3888],[116.9613,34.3633],[116.9832,34.3525],[116.9693,34.3231],[116.9766,34.3109],[116.969,34.2837],[117.0189,34.2555],[117.0208,34.2433],[117.0421,34.2487],[117.0496,34.2424],[117.0472,34.2058],[117.0253,34.1676],[117.0384,34.1674],[117.047,34.1514],[117.09,34.1457],[117.1064,34.1304],[117.1238,34.1282],[117.1303,34.1018],[117.1579,34.0988],[117.1514,34.0837],[117.1927,34.0687],[117.2122,34.0747],[117.2247,34.0642],[117.2576,34.0659],[117.277,34.0789],[117.3115,34.0681],[117.3195,34.0844],[117.3434,34.0806],[117.3572,34.0882],[117.3778,34.0715],[117.3711,34.0607],[117.3882,34.0556],[117.4156,34.0259],[117.5148,34.0609],[117.5453,34.0352],[117.5447,34.0136],[117.5757,33.9829],[117.6166,34.0049],[117.6103,34.0293],[117.6297,34.0287],[117.6663,33.9987],[117.6713,33.9867],[117.663,33.9687],[117.6726,33.9349],[117.7036,33.8878],[117.7154,33.8793],[117.7409,33.892],[117.7586,33.8857],[117.7419,33.7628],[117.7227,33.7408],[117.7527,33.7115],[117.7918,33.7334],[117.8255,33.7373],[117.9017,33.7201],[117.9005,33.7357],[117.9158,33.7384],[117.9367,33.7294],[117.9494,33.7341],[117.9649,33.7634],[117.9724,33.7503],[118.0188,33.7458],[118.02,33.7387],[118.0656,33.7658],[118.118,33.7665],[118.1489,33.7464],[118.1853,33.745],[118.1775,33.7358],[118.1608,33.7353],[118.1533,33.7201],[118.1677,33.715],[118.1683,33.664],[118.1124,33.6173],[118.1178,33.5944],[118.1084,33.53],[118.0991,33.5294],[118.108,33.5202],[118.1081,33.4751],[118.0507,33.4921],[118.0286,33.4584],[118.0169,33.407],[118.0283,33.3906],[118.0293,33.3722],[117.9955,33.3471],[117.9716,33.3493],[117.979,33.3341],[117.993,33.3329],[117.9831,33.2964],[117.9704,33.2772],[117.9395,33.2626],[117.948,33.2521],[117.939,33.2343],[117.9424,33.225],[117.9775,33.2262],[117.9935,33.2113],[117.9815,33.201],[117.9892,33.1797],[118.0015,33.1786],[118.0371,33.1523],[118.0382,33.1352],[118.1491,33.1695],[118.16,33.1811],[118.1563,33.1955],[118.1782,33.218],[118.2116,33.1991],[118.2237,33.1555],[118.2196,33.1141],[118.2097,33.1043],[118.2209,33.1059],[118.2213,33.0876],[118.2029,33.0881],[118.2237,33.0835],[118.2276,33.0695],[118.2152,33.0709],[118.2124,33.062],[118.2334,33.06],[118.2524,32.9821],[118.2694,32.9692],[118.3038,32.9687],[118.3096,32.959],[118.2934,32.9472],[118.2479,32.9348],[118.233,32.9163],[118.2506,32.8484],[118.2846,32.8573],[118.2895,32.8455],[118.3017,32.8462],[118.2979,32.832],[118.3066,32.8106],[118.2944,32.8001],[118.2988,32.7856],[118.3208,32.7783],[118.3264,32.7635],[118.3488,32.773],[118.3662,32.7683],[118.3723,32.7417],[118.3663,32.735],[118.3753,32.719],[118.4229,32.7181],[118.4505,32.7434],[118.4592,32.7261],[118.4835,32.7214],[118.5597,32.7299],[118.5766,32.7191],[118.6394,32.7448],[118.7072,32.7203],[118.7245,32.7219],[118.7563,32.737],[118.7574,32.7438],[118.7379,32.7733],[118.7368,32.7933],[118.7468,32.8004],[118.7418,32.8534],[118.7479,32.8587],[118.791,32.8484],[118.8117,32.855],[118.8062,32.8703],[118.8122,32.9169],[118.819,32.9206],[118.8369,32.9114],[118.849,32.9272],[118.8425,32.9437],[118.8494,32.9459],[118.8493,32.9566],[118.8847,32.9606],[118.8962,32.9578],[118.8936,32.9408],[118.9338,32.9387],[118.9937,32.9582],[119.0208,32.9558],[119.0296,32.9263],[119.0198,32.9257],[119.0151,32.9117],[119.0195,32.9051],[119.045,32.9114],[119.0549,32.8751],[119.1043,32.8267],[119.1849,32.8256],[119.2082,32.7405],[119.2087,32.6428],[119.2202,32.6296],[119.2205,32.6099],[119.231,32.6071],[119.2201,32.5925],[119.2202,32.5766],[119.2093,32.5736],[119.1943,32.5786],[119.1871,32.6],[119.1769,32.5938],[119.1752,32.5711],[119.1539,32.5619],[119.1678,32.5363],[119.1556,32.5281],[119.1423,32.4994],[119.1478,32.4926],[119.1345,32.4915],[119.0851,32.4527],[119.0674,32.4624],[119.0644,32.4824],[119.0455,32.4985],[119.0414,32.5148],[119.0217,32.5179],[118.9974,32.5039],[118.9798,32.5038],[118.9366,32.5575],[118.9164,32.5561],[118.916,32.5495],[118.8883,32.5572],[118.8987,32.5605],[118.8964,32.5773],[118.9079,32.5923],[118.8485,32.5682],[118.827,32.5727],[118.8193,32.5862],[118.8249,32.6019],[118.8137,32.6008],[118.8018,32.5843],[118.7844,32.5826],[118.7747,32.5881],[118.7758,32.5977],[118.7575,32.604],[118.7407,32.5894],[118.726,32.5963],[118.7253,32.6082],[118.698,32.6064],[118.7009,32.5885],[118.689,32.6047],[118.6896,32.5885],[118.6523,32.5931],[118.633,32.579],[118.6234,32.5926],[118.5981,32.6013],[118.5695,32.5864],[118.5637,32.5644],[118.6088,32.5371],[118.6049,32.5228],[118.6174,32.5124],[118.608,32.5018],[118.5924,32.4999],[118.5933,32.4788],[118.6281,32.4677],[118.6477,32.4765],[118.6893,32.4735],[118.689,32.4206],[118.6787,32.3939],[118.6902,32.3783],[118.6988,32.3832],[118.7021,32.3579],[118.6929,32.3517],[118.7079,32.3384],[118.7032,32.329],[118.6835,32.325],[118.6949,32.3172],[118.6603,32.3054],[118.6708,32.2856],[118.6592,32.2661],[118.6757,32.2551],[118.6441,32.21],[118.6266,32.2025],[118.5517,32.1996],[118.5246,32.189],[118.5098,32.1943],[118.5065,32.1821],[118.4968,32.1786],[118.5074,32.1379],[118.5006,32.1417],[118.495,32.1329],[118.4991,32.1204],[118.473,32.1149],[118.4633,32.1007],[118.3948,32.0756],[118.3851,32.0581],[118.3944,32.0484],[118.386,32.0331],[118.4015,32.0187],[118.3897,32.012],[118.3872,31.9833],[118.3767,31.9817],[118.3792,31.9673],[118.369,31.9562],[118.3644,31.9301],[118.4723,31.8796],[118.4668,31.858],[118.5047,31.8417],[118.4822,31.7783],[118.5032,31.778],[118.5108,31.7656],[118.5236,31.762],[118.5338,31.7673],[118.5387,31.7494],[118.5221,31.743],[118.5572,31.7296],[118.5717,31.7462],[118.5753,31.7409],[118.6093,31.7572],[118.619,31.7501],[118.6271,31.7595],[118.6417,31.7582],[118.6484,31.7488],[118.6421,31.7443],[118.654,31.7301],[118.6849,31.7249],[118.6977,31.7094],[118.6549,31.6756],[118.647,31.6799],[118.6436,31.65],[118.6848,31.6362],[118.7169,31.6395],[118.7194,31.6275],[118.7342,31.6322],[118.7511,31.6777],[118.7741,31.6826],[118.799,31.6664],[118.7831,31.6565],[118.8028,31.6195],[118.8338,31.6303],[118.8585,31.624],[118.8687,31.6114],[118.8653,31.5918],[118.8773,31.5897],[118.8734,31.5739],[118.882,31.5648],[118.8737,31.5319],[118.8839,31.5315],[118.8858,31.5189],[118.8661,31.4449],[118.8696,31.4216],[118.8511,31.3925],[118.8295,31.3775],[118.7713,31.3631],[118.7654,31.388],[118.7546,31.385],[118.7211,31.3227],[118.7196,31.2948],[118.7044,31.3028],[118.7266,31.2822],[118.7614,31.2777],[118.78,31.2595],[118.7814,31.2398],[118.7953,31.2294],[118.9152,31.2442],[118.9839,31.2378],[118.9865,31.2311],[119.015,31.2416],[119.0489,31.2335],[119.0623,31.2385],[119.0738,31.2329],[119.0855,31.2403],[119.1053,31.2353],[119.107,31.2506],[119.1501,31.2771],[119.1582,31.2948],[119.1762,31.2939],[119.1811,31.3005],[119.1995,31.2936],[119.1971,31.2735],[119.2042,31.2657],[119.2153,31.2741],[119.2185,31.2646],[119.2386,31.2546],[119.2614,31.2613],[119.267,31.2505],[119.3149,31.2657],[119.3376,31.2589],[119.3503,31.2816],[119.3501,31.301],[119.3566,31.3033],[119.3716,31.2716],[119.3797,31.2694],[119.3601,31.2121],[119.3658,31.196],[119.3792,31.1892],[119.3949,31.1996],[119.4057,31.1944],[119.3893,31.1884],[119.3915,31.1742],[119.4154,31.173],[119.4232,31.1818],[119.4606,31.1564],[119.4758,31.1589],[119.4825,31.1525],[119.4945,31.164],[119.5139,31.156],[119.5345,31.1581],[119.5602,31.1407],[119.582,31.1087],[119.5998,31.1092],[119.6137,31.1292],[119.6238,31.1303],[119.6242,31.116],[119.6491,31.1051],[119.6296,31.0855],[119.634,31.0195],[119.5804,30.9671],[119.5804,30.9292],[119.5638,30.9192],[119.5563,30.8967],[119.5757,30.8297],[119.5545,30.8256],[119.5245,30.776],[119.5071,30.7696],[119.4915,30.7772],[119.4801,30.7733],[119.4827,30.7044],[119.4529,30.6716],[119.4483,30.6558],[119.4337,30.6445],[119.4127,30.643],[119.3915,30.6852],[119.3431,30.6642],[119.312,30.6212],[119.2588,30.6144],[119.2501,30.6203],[119.2391,30.6093],[119.2648,30.582],[119.2648,30.5734],[119.2369,30.5467],[119.2426,30.53],[119.2619,30.5255],[119.2721,30.5105],[119.3266,30.533],[119.3363,30.5072],[119.3303,30.4882],[119.3361,30.4455],[119.3497,30.4388],[119.3495,30.4086],[119.3632,30.4095],[119.3666,30.3884],[119.3938,30.383],[119.4031,30.3744],[119.4,30.3678],[119.3494,30.3492],[119.3291,30.3715],[119.3007,30.3637],[119.2781,30.3416],[119.2471,30.3408],[119.24,30.327],[119.2459,30.3216],[119.2292,30.2897],[119.2226,30.2996],[119.2057,30.3016],[119.2011,30.291],[119.1882,30.2917],[119.1285,30.3047],[119.0902,30.324],[119.063,30.305],[119.0509,30.3067],[118.988,30.3335],[118.9881,30.3487],[118.96,30.3473],[118.9554,30.3592],[118.8799,30.3149],[118.8781,30.2827],[118.8897,30.2543],[118.8824,30.2475],[118.893,30.2427],[118.9032,30.2179],[118.925,30.2138],[118.9299,30.2034],[118.9108,30.1875],[118.8529,30.1665],[118.8457,30.1561],[118.8564,30.1482],[118.8968,30.1481],[118.8872,30.1174],[118.8716,30.113],[118.8689,30.1014],[118.8788,30.0647],[118.8973,30.0519],[118.8906,30.0412],[118.9026,30.029],[118.8903,30.012],[118.8995,29.9814],[118.8916,29.9599],[118.8947,29.9381],[118.872,29.9469],[118.8639,29.937],[118.8483,29.9413],[118.8387,29.9345],[118.8449,29.9152],[118.8413,29.8913],[118.7787,29.8419],[118.7669,29.849],[118.7556,29.8454],[118.751,29.8316],[118.7659,29.8231],[118.7399,29.8133],[118.7365,29.7885],[118.749,29.7611],[118.7447,29.7388],[118.7187,29.7092],[118.7008,29.7065],[118.6473,29.6434],[118.62,29.6541],[118.5739,29.6384],[118.5352,29.5906],[118.5006,29.5757],[118.4959,29.5196],[118.4295,29.5036],[118.3839,29.5104],[118.3587,29.4771],[118.3476,29.474],[118.3244,29.4969],[118.3105,29.496],[118.3066,29.4794],[118.3161,29.4226],[118.2914,29.42],[118.2862,29.4267],[118.2485,29.4313],[118.2181,29.4204],[118.2042,29.3954],[118.1361,29.4189],[118.1295,29.4326],[118.1386,29.4377],[118.138,29.4549],[118.1276,29.472],[118.1438,29.4898],[118.1346,29.5088],[118.1034,29.5306],[118.0507,29.5432],[118.0429,29.5663],[118.0141,29.5773],[118.0039,29.5781],[117.9847,29.5616],[117.9649,29.57],[117.9387,29.5496],[117.9208,29.5545],[117.8765,29.5462],[117.8073,29.5736],[117.7709,29.5571],[117.7531,29.5604],[117.7077,29.549],[117.6905,29.5559],[117.679,29.5955],[117.669,29.597],[117.6614,29.6118],[117.648,29.6149],[117.5865,29.5847],[117.5462,29.5943],[117.5433,29.5886],[117.5235,29.6296],[117.5306,29.6541],[117.5165,29.6634],[117.4938,29.6595],[117.4742,29.6683],[117.4519,29.6959],[117.4551,29.7492],[117.4347,29.7611],[117.4092,29.8026],[117.4248,29.8346],[117.4188,29.8504],[117.3841,29.8436],[117.376,29.8181],[117.3562,29.8137],[117.3333,29.8506],[117.2972,29.8369],[117.2924,29.8228],[117.2574,29.8313],[117.2493,29.8461],[117.2618,29.8807],[117.2537,29.909],[117.217,29.9269],[117.1776,29.922],[117.1347,29.9038],[117.128,29.8955],[117.133,29.8743],[117.1277,29.8616],[117.0928,29.8369],[117.0733,29.8322],[117.0927,29.8096],[117.128,29.7958],[117.1356,29.781],[117.1355,29.772],[117.1087,29.752],[117.1225,29.7285],[117.113,29.7122],[117.0512,29.6829],[116.996,29.6834],[116.9712,29.6557],[116.9396,29.6483],[116.8735,29.6093],[116.8381,29.5698],[116.8184,29.5648],[116.7807,29.5705],[116.7869,29.5913],[116.7604,29.5991],[116.7216,29.565],[116.7165,29.5908],[116.6889,29.6041],[116.6519,29.6372],[116.6805,29.6815],[116.6567,29.6863],[116.6542,29.6948],[116.668,29.7003],[116.6871,29.7348],[116.7393,29.7742],[116.7459,29.7903],[116.7625,29.8025],[116.7898,29.7951],[116.8123,29.8117],[116.8307,29.8415],[116.8827,29.8935],[116.9001,29.9495],[116.8879,29.9688],[116.8687,29.9805],[116.8359,29.9707],[116.8353,29.9577],[116.8287,29.9631],[116.8296,30.0065],[116.8028,29.9965],[116.7645,30.0489],[116.7473,30.0572],[116.7203,30.0539],[116.6669,30.0767],[116.611,30.0707],[116.586,30.0463],[116.5713,30.0144],[116.5587,29.9243],[116.5415,29.9016],[116.4677,29.8962],[116.3431,29.8357],[116.3123,29.809],[116.2614,29.782],[116.2081,29.8275],[116.1352,29.8194],[116.1346,29.8774],[116.1258,29.9014],[116.0779,29.9561],[116.0738,29.97],[116.0815,29.9818],[116.0783,30.0102],[116.0917,30.0362],[116.0792,30.0662],[116.085,30.1262],[116.0567,30.1699],[116.0644,30.2069],[116.0317,30.227],[116.0266,30.2397],[115.9948,30.255],[115.9809,30.2957],[115.9584,30.3053],[115.9219,30.3013],[115.9044,30.3101],[115.9167,30.3344],[115.8849,30.3796],[115.9215,30.4164],[115.9461,30.4252],[115.9208,30.4299],[115.9155,30.444],[115.8948,30.4527],[115.8981,30.4822],[115.9199,30.515],[115.8878,30.5425],[115.8756,30.5694],[115.8791,30.5783],[115.8485,30.6019],[115.8281,30.6062],[115.8192,30.5979],[115.8078,30.6156],[115.8149,30.6248],[115.8099,30.6426],[115.7625,30.6856],[115.7829,30.7517],[115.7928,30.7593],[115.8105,30.7594],[115.8201,30.7507],[115.8515,30.7567],[115.8543,30.7674],[115.8684,30.7743],[115.8695,30.7825],[115.8587,30.7848],[115.8638,30.8158],[115.8488,30.8286],[115.8657,30.8643],[115.8857,30.8778],[115.9324,30.8894],[115.9361,30.9029],[116.0099,30.9497],[116.0717,30.9567],[116.0589,31.0128],[116.015,31.0119],[116.0066,31.0347],[115.9386,31.0473],[115.9398,31.0717],[115.9028,31.0892],[115.8874,31.1093],[115.8801,31.1419],[115.8693,31.1476],[115.8413,31.129],[115.7979,31.1279],[115.7701,31.1131],[115.7281,31.1747],[115.7008,31.2011],[115.6781,31.2076],[115.646,31.2096],[115.629,31.1846],[115.6037,31.1737],[115.5967,31.1501],[115.5857,31.1442],[115.5596,31.1603],[115.5407,31.1913],[115.5397,31.2319],[115.5301,31.2493],[115.5076,31.2679],[115.4731,31.2653],[115.4578,31.2816],[115.461,31.3181],[115.4496,31.3158],[115.442,31.3461],[115.4205,31.3499],[115.4046,31.3378],[115.3721,31.3493],[115.3825,31.3566],[115.3757,31.3711],[115.3928,31.3899],[115.3736,31.4058],[115.3898,31.4503],[115.3712,31.4945],[115.4159,31.526],[115.44,31.5887],[115.4882,31.6122],[115.4897,31.6258],[115.477,31.6429],[115.4954,31.6729],[115.5318,31.6986],[115.5535,31.6953],[115.6366,31.7551],[115.6596,31.7602],[115.6778,31.7789],[115.7298,31.7633],[115.742,31.7821],[115.7679,31.7878],[115.8154,31.7624],[115.8502,31.7867],[115.8583,31.7737],[115.8852,31.7761],[115.9103,31.7923],[115.9132,31.8201],[115.8929,31.8333],[115.8957,31.8675],[115.9202,31.9204],[115.909,31.9433],[115.9113,31.958],[115.9246,31.9956],[115.9338,32.0016],[115.9278,32.0236],[115.9195,32.0279],[115.9277,32.0363],[115.9222,32.0497],[115.9426,32.0777],[115.9325,32.0843],[115.9266,32.1052],[115.9419,32.1651],[115.9253,32.1878],[115.9127,32.2276],[115.9201,32.2732],[115.9083,32.2993],[115.9003,32.3014],[115.907,32.3116],[115.8991,32.3901],[115.8894,32.4243],[115.8792,32.4326],[115.8827,32.4561],[115.8643,32.4589],[115.8813,32.4725],[115.8836,32.4892],[115.8732,32.5047],[115.8458,32.5018],[115.873,32.5258],[115.8777,32.5439],[115.9102,32.567],[115.9284,32.5676],[115.9154,32.5769],[115.8916,32.5762],[115.8614,32.5374],[115.8399,32.5248],[115.8415,32.5012],[115.8238,32.5022],[115.7888,32.4689],[115.781,32.4676],[115.787,32.4858],[115.7715,32.5053],[115.7572,32.4802],[115.742,32.4764],[115.7012,32.4953],[115.6921,32.4875],[115.7012,32.4709],[115.6759,32.4664],[115.6806,32.44],[115.6675,32.4099],[115.6563,32.4088],[115.6542,32.4289],[115.6271,32.4055],[115.6045,32.4259],[115.5639,32.403],[115.5536,32.4075],[115.5691,32.4146],[115.5676,32.4216],[115.5473,32.4247],[115.5375,32.4389],[115.5232,32.442],[115.5086,32.4686]],[[116.699,29.7078],[116.7058,29.6971],[116.7034,29.7101],[116.699,29.7078]],[[116.7065,29.6966],[116.7051,29.6887],[116.7172,29.6908],[116.7159,29.6973],[116.7065,29.6966]]]}},{"type":"Feature","properties":{"regionId":"beijing"},"geometry":{"type":"MultiPolygon","coordinates":[[[[117.2239,40.3755],[117.2407,40.3944],[117.2341,40.4171],[117.2633,40.4424],[117.2365,40.4566],[117.2372,40.4688],[117.2086,40.5011],[117.215,40.5133],[117.2631,40.5131],[117.2495,40.5482],[117.3118,40.578],[117.35,40.5822],[117.3893,40.5612],[117.4036,40.5743],[117.4212,40.5691],[117.4298,40.5793],[117.4127,40.6051],[117.4303,40.626],[117.4489,40.6284],[117.4565,40.6492],[117.4491,40.6516],[117.462,40.6531],[117.4862,40.6335],[117.5004,40.6362],[117.5028,40.6531],[117.5146,40.6605],[117.4824,40.679],[117.4652,40.6735],[117.4092,40.6873],[117.3424,40.6734],[117.3212,40.6583],[117.2904,40.6602],[117.2614,40.6812],[117.2416,40.6767],[117.2024,40.6956],[117.1178,40.7001],[117.1107,40.7082],[117.0445,40.7004],[117.031,40.6921],[116.9696,40.7064],[116.9407,40.7398],[116.9265,40.7449],[116.9234,40.7737],[116.8986,40.7767],[116.8967,40.7964],[116.8802,40.8044],[116.8762,40.8212],[116.8207,40.8483],[116.8025,40.8424],[116.7972,40.86],[116.7768,40.8784],[116.7585,40.882],[116.7595,40.8899],[116.7133,40.9104],[116.7223,40.9274],[116.7028,40.9365],[116.6779,40.971],[116.6853,40.9826],[116.6831,41.0005],[116.6989,41.0213],[116.6922,41.0408],[116.6308,41.0608],[116.6165,41.0534],[116.6135,41.0408],[116.6229,41.0207],[116.6145,40.9833],[116.5978,40.9748],[116.5612,40.9935],[116.5356,40.9887],[116.5163,40.9752],[116.4555,40.9805],[116.4474,40.9538],[116.4736,40.9197],[116.474,40.896],[116.3985,40.906],[116.3703,40.9437],[116.3341,40.9208],[116.3344,40.9046],[116.3897,40.8618],[116.4065,40.8334],[116.4368,40.8207],[116.44,40.8091],[116.4572,40.7983],[116.4658,40.7745],[116.454,40.7659],[116.4165,40.7694],[116.4078,40.7804],[116.3677,40.7709],[116.3301,40.7738],[116.3132,40.7702],[116.3079,40.7521],[116.2909,40.7638],[116.2735,40.7629],[116.2696,40.7772],[116.2479,40.7918],[116.235,40.7831],[116.2337,40.7599],[116.2047,40.7399],[116.2057,40.733],[116.1779,40.7079],[116.1627,40.6624],[116.1369,40.6676],[116.1132,40.6488],[116.1183,40.628],[116.0989,40.6306],[116.0698,40.6103],[116.03,40.5974],[116.0253,40.6065],[116.0051,40.5841],[115.9821,40.579],[115.9674,40.6059],[115.9078,40.6173],[115.8854,40.5952],[115.8274,40.587],[115.8198,40.5593],[115.7922,40.5613],[115.7551,40.54],[115.7361,40.504],[115.7431,40.495],[115.7681,40.4983],[115.7822,40.4921],[115.7716,40.4729],[115.7704,40.4649],[115.7795,40.4641],[115.7704,40.4442],[115.7969,40.4325],[115.8375,40.3813],[115.8619,40.3734],[115.8598,40.3621],[115.9183,40.3539],[115.9272,40.3296],[115.9227,40.3259],[115.9438,40.3109],[115.9461,40.289],[115.9689,40.2643],[115.917,40.2471],[115.912,40.2345],[115.8981,40.2364],[115.8703,40.1861],[115.8481,40.1838],[115.8542,40.1799],[115.8444,40.168],[115.8533,40.1493],[115.8342,40.1502],[115.8358,40.1454],[115.8066,40.1533],[115.7869,40.1704],[115.787,40.1787],[115.773,40.1762],[115.7682,40.1656],[115.7543,40.1633],[115.7495,40.153],[115.7549,40.1455],[115.7411,40.1322],[115.7087,40.1343],[115.6997,40.1324],[115.7121,40.1269],[115.6972,40.1267],[115.6548,40.1313],[115.6359,40.1158],[115.5991,40.12],[115.5907,40.0964],[115.5634,40.0979],[115.5537,40.0917],[115.5522,40.0793],[115.5273,40.0761],[115.4786,40.0362],[115.4545,40.0297],[115.4422,40.0109],[115.4503,39.9932],[115.4285,39.9843],[115.4262,39.9504],[115.4446,39.9514],[115.4807,39.9359],[115.5201,39.9025],[115.509,39.8842],[115.5292,39.8759],[115.511,39.8451],[115.5145,39.8383],[115.5693,39.8133],[115.5549,39.7956],[115.5087,39.7841],[115.4832,39.7987],[115.4252,39.7734],[115.4354,39.7699],[115.4392,39.7527],[115.4921,39.7389],[115.4902,39.7014],[115.4998,39.6913],[115.4888,39.6816],[115.4913,39.6687],[115.4785,39.6503],[115.5067,39.6521],[115.5225,39.64],[115.5234,39.6204],[115.5121,39.6051],[115.5159,39.5912],[115.546,39.6188],[115.5719,39.5916],[115.5861,39.5894],[115.6184,39.6041],[115.6573,39.6001],[115.6675,39.6153],[115.6893,39.599],[115.6979,39.5792],[115.6921,39.5658],[115.7171,39.5604],[115.7216,39.5435],[115.7391,39.5454],[115.7525,39.5155],[115.8287,39.507],[115.8192,39.5308],[115.8555,39.555],[115.8664,39.5464],[115.8877,39.5507],[115.89,39.5679],[115.9128,39.5728],[115.9102,39.6008],[115.9302,39.5934],[115.9576,39.5609],[115.9782,39.5728],[115.9784,39.5957],[115.991,39.5938],[115.9952,39.5771],[116.0262,39.5874],[116.0248,39.5756],[116.033,39.5723],[116.1014,39.58],[116.1063,39.571],[116.1215,39.5749],[116.1304,39.5677],[116.1496,39.5731],[116.1518,39.5834],[116.1969,39.589],[116.2462,39.5572],[116.2435,39.5242],[116.2579,39.5005],[116.3053,39.4892],[116.3345,39.457],[116.4344,39.4428],[116.4547,39.4533],[116.4488,39.4763],[116.4363,39.4829],[116.4283,39.4762],[116.4273,39.4878],[116.4124,39.4821],[116.4229,39.4966],[116.4028,39.5144],[116.4027,39.5269],[116.4215,39.5251],[116.4246,39.5097],[116.4438,39.5099],[116.4375,39.5265],[116.4782,39.5355],[116.471,39.5546],[116.5084,39.5511],[116.5116,39.5655],[116.5272,39.5729],[116.5197,39.5819],[116.5244,39.5965],[116.5418,39.5935],[116.5441,39.6036],[116.5442,39.5965],[116.5623,39.6017],[116.5696,39.6118],[116.5659,39.6198],[116.6079,39.6247],[116.6205,39.6017],[116.6941,39.6014],[116.7051,39.588],[116.7271,39.5931],[116.7026,39.6104],[116.7007,39.6211],[116.7255,39.6241],[116.7379,39.6154],[116.7487,39.6199],[116.7626,39.6138],[116.7851,39.5935],[116.7928,39.6022],[116.79,39.6105],[116.8354,39.617],[116.8269,39.6382],[116.8514,39.6528],[116.8499,39.6676],[116.9067,39.6774],[116.9029,39.6906],[116.8878,39.691],[116.8938,39.6959],[116.8828,39.7185],[116.9167,39.7314],[116.9018,39.7636],[116.9209,39.7691],[116.9217,39.7806],[116.9458,39.7774],[116.9538,39.7861],[116.9383,39.7931],[116.9348,39.8011],[116.9429,39.8017],[116.9282,39.8142],[116.9174,39.8469],[116.9028,39.8482],[116.9034,39.8307],[116.8857,39.8446],[116.8583,39.8485],[116.8525,39.8591],[116.8131,39.8813],[116.8123,39.8897],[116.8041,39.8779],[116.7871,39.8868],[116.7826,39.9476],[116.7573,39.9615],[116.7754,39.9928],[116.7705,40.0116],[116.7778,40.0324],[116.82,40.0284],[116.8227,40.0465],[116.8502,40.055],[116.8736,40.0415],[116.9143,40.0526],[116.918,40.0447],[116.9281,40.0549],[116.945,40.0486],[116.9453,40.0414],[116.9619,40.0514],[116.9721,40.037],[117.0248,40.0301],[117.0386,40.0494],[117.0534,40.0529],[117.052,40.0594],[117.081,40.0651],[117.0856,40.0751],[117.1392,40.064],[117.1563,40.0693],[117.1585,40.0774],[117.1836,40.0721],[117.1854,40.0839],[117.1976,40.0677],[117.214,40.0862],[117.2112,40.0966],[117.2245,40.0947],[117.2382,40.1118],[117.2493,40.1165],[117.2744,40.1058],[117.2757,40.1136],[117.2854,40.1213],[117.2971,40.1189],[117.3138,40.14],[117.3491,40.1365],[117.3606,40.157],[117.3511,40.1717],[117.3932,40.1749],[117.4048,40.1832],[117.3977,40.1929],[117.3841,40.1878],[117.3815,40.1949],[117.3796,40.2013],[117.3931,40.2034],[117.3784,40.2103],[117.3776,40.2186],[117.3937,40.2217],[117.39,40.228],[117.3455,40.2349],[117.3312,40.2897],[117.2963,40.2781],[117.2933,40.2967],[117.2743,40.3086],[117.275,40.3319],[117.2598,40.3362],[117.2423,40.37],[117.2262,40.369],[117.2239,40.3755]]]]}},{"type":"Feature","properties":{"regionId":"chongqing"},"geometry":{"type":"MultiPolygon","coordinates":[[[[108.3121,28.9975],[108.323,28.954],[108.3399,28.9479],[108.3505,28.9303],[108.3574,28.8934],[108.3464,28.8563],[108.3542,28.8143],[108.3824,28.8058],[108.389,28.7858],[108.3853,28.7722],[108.3473,28.7363],[108.3479,28.7103],[108.3325,28.6796],[108.3522,28.6761],[108.391,28.6518],[108.4711,28.6278],[108.501,28.6266],[108.5027,28.6376],[108.5385,28.6527],[108.5611,28.6492],[108.5648,28.6612],[108.5748,28.6603],[108.5853,28.6397],[108.609,28.6336],[108.6323,28.6389],[108.636,28.6218],[108.6045,28.5895],[108.6109,28.5394],[108.5893,28.5386],[108.5732,28.5281],[108.5868,28.4631],[108.61,28.4357],[108.6088,28.4073],[108.5874,28.405],[108.5775,28.3902],[108.5801,28.3433],[108.598,28.3421],[108.6116,28.3246],[108.6674,28.3344],[108.6774,28.3458],[108.6701,28.3544],[108.6591,28.3503],[108.657,28.3622],[108.6647,28.3829],[108.6935,28.3952],[108.6968,28.4046],[108.6883,28.4223],[108.6415,28.4557],[108.6587,28.478],[108.7014,28.4825],[108.7097,28.5011],[108.7234,28.492],[108.7294,28.4709],[108.7491,28.4611],[108.7467,28.4502],[108.7735,28.4383],[108.7793,28.4274],[108.7633,28.3986],[108.7628,28.3858],[108.7831,28.3804],[108.7779,28.3472],[108.7614,28.3246],[108.7701,28.315],[108.7258,28.2803],[108.7397,28.2263],[108.7587,28.2202],[108.7585,28.196],[108.7653,28.1921],[108.7733,28.2135],[108.7966,28.2238],[108.8074,28.2429],[108.8218,28.2451],[108.8362,28.2074],[108.8551,28.1999],[108.8972,28.2195],[108.9195,28.2178],[108.9332,28.2079],[108.9294,28.1906],[108.9795,28.1713],[108.9858,28.1613],[109.0098,28.1679],[109.0138,28.1996],[109.0262,28.2202],[109.0864,28.1847],[109.0895,28.1963],[109.1014,28.2014],[109.0815,28.2485],[109.088,28.2614],[109.1176,28.2786],[109.1161,28.2886],[109.1412,28.3206],[109.1377,28.3342],[109.1517,28.3505],[109.1386,28.3586],[109.1531,28.3811],[109.1543,28.4176],[109.1649,28.415],[109.1684,28.4321],[109.1767,28.4315],[109.1766,28.4462],[109.1918,28.4709],[109.2155,28.4821],[109.2296,28.4749],[109.2743,28.4947],[109.272,28.514],[109.2804,28.5204],[109.2746,28.5392],[109.2889,28.5463],[109.3047,28.579],[109.3205,28.5798],[109.3002,28.6264],[109.287,28.6268],[109.2785,28.6124],[109.2589,28.6056],[109.2361,28.6194],[109.2015,28.5984],[109.1814,28.6217],[109.1931,28.6362],[109.2709,28.6718],[109.2529,28.6916],[109.2947,28.7191],[109.2882,28.7273],[109.3007,28.7397],[109.2977,28.7482],[109.2562,28.7656],[109.2613,28.775],[109.2413,28.7765],[109.2427,28.8511],[109.234,28.8638],[109.2399,28.892],[109.2569,28.9077],[109.261,28.9505],[109.2723,28.9709],[109.2842,28.9723],[109.2955,29.0164],[109.3196,29.0426],[109.3123,29.0664],[109.2577,29.0867],[109.2373,29.0867],[109.2259,29.1135],[109.2326,29.1201],[109.2155,29.1453],[109.1625,29.1807],[109.1388,29.1695],[109.123,29.1913],[109.1104,29.2151],[109.142,29.2705],[109.13,29.2825],[109.1065,29.2885],[109.1139,29.3142],[109.1087,29.3193],[109.1125,29.361],[109.0808,29.3907],[109.0532,29.4027],[109.0335,29.3782],[109.0347,29.3603],[108.9994,29.3639],[108.9851,29.3505],[108.9862,29.3367],[108.9724,29.3292],[108.9197,29.3263],[108.9341,29.3995],[108.9436,29.4107],[108.932,29.4317],[108.874,29.4494],[108.8666,29.4711],[108.8887,29.507],[108.887,29.5306],[108.8784,29.5393],[108.9131,29.5745],[108.9,29.5849],[108.9092,29.5933],[108.9013,29.6048],[108.8859,29.5884],[108.8683,29.598],[108.8879,29.6286],[108.8697,29.643],[108.8558,29.6364],[108.8445,29.6584],[108.8273,29.6544],[108.8354,29.6684],[108.8281,29.6713],[108.8165,29.644],[108.8198,29.6324],[108.8044,29.6406],[108.7856,29.6339],[108.7801,29.6455],[108.7923,29.6474],[108.7975,29.6601],[108.7847,29.6772],[108.7863,29.6915],[108.7526,29.6894],[108.7581,29.6787],[108.776,29.6754],[108.773,29.6615],[108.7833,29.6538],[108.7745,29.6517],[108.7659,29.661],[108.7526,29.649],[108.7336,29.6715],[108.7109,29.6792],[108.7182,29.6919],[108.7104,29.6992],[108.6912,29.6897],[108.6848,29.6935],[108.6931,29.7045],[108.6811,29.7214],[108.6866,29.7401],[108.6776,29.7485],[108.6807,29.8002],[108.6569,29.8167],[108.6703,29.8191],[108.6661,29.8427],[108.6577,29.8481],[108.6625,29.8526],[108.6332,29.8559],[108.6327,29.8649],[108.6229,29.8673],[108.6014,29.8656],[108.5773,29.8447],[108.5799,29.8312],[108.5575,29.819],[108.5225,29.7638],[108.5485,29.7495],[108.547,29.7426],[108.5042,29.7294],[108.5153,29.7186],[108.5064,29.7082],[108.4605,29.7409],[108.4371,29.7408],[108.4442,29.7769],[108.4213,29.7742],[108.417,29.7873],[108.4245,29.8153],[108.4089,29.8207],[108.4046,29.8345],[108.3932,29.8358],[108.3942,29.8165],[108.3682,29.8189],[108.3715,29.8416],[108.3916,29.8532],[108.3869,29.86],[108.4028,29.8559],[108.4338,29.8801],[108.468,29.8642],[108.509,29.8786],[108.5171,29.8655],[108.5241,29.9117],[108.5159,29.9304],[108.5426,29.9974],[108.5289,30.0054],[108.5262,30.0495],[108.5318,30.0551],[108.5164,30.053],[108.5163,30.0642],[108.5323,30.0737],[108.5675,30.1557],[108.5523,30.1633],[108.5538,30.1745],[108.5674,30.2343],[108.5817,30.2559],[108.5673,30.2549],[108.5452,30.27],[108.5249,30.2947],[108.5264,30.3053],[108.515,30.3152],[108.4984,30.3163],[108.4599,30.3598],[108.4327,30.3541],[108.4033,30.3747],[108.3995,30.3894],[108.4209,30.3941],[108.4217,30.4105],[108.4305,30.4156],[108.4118,30.4369],[108.4218,30.4489],[108.4143,30.4758],[108.4241,30.489],[108.4527,30.496],[108.4551,30.4893],[108.4791,30.489],[108.4918,30.5015],[108.5131,30.5014],[108.5283,30.4875],[108.5429,30.492],[108.5571,30.486],[108.5649,30.4686],[108.5699,30.4704],[108.5906,30.4947],[108.6114,30.5022],[108.6046,30.5108],[108.6493,30.5378],[108.6399,30.5748],[108.6662,30.5886],[108.6905,30.5867],[108.6994,30.5444],[108.7116,30.5379],[108.7119,30.5232],[108.7262,30.5155],[108.724,30.5076],[108.7442,30.4948],[108.7885,30.5129],[108.8069,30.4914],[108.839,30.5032],[108.9095,30.5813],[108.9675,30.6248],[108.978,30.6298],[108.9875,30.6233],[108.9992,30.6321],[109.0097,30.6272],[109.0218,30.6424],[109.0457,30.6532],[109.0492,30.6455],[109.0702,30.6403],[109.0881,30.6466],[109.0966,30.6387],[109.1119,30.6461],[109.121,30.6358],[109.1059,30.6107],[109.1011,30.5795],[109.1244,30.5317],[109.1395,30.5346],[109.1412,30.5251],[109.1713,30.547],[109.1928,30.5463],[109.2477,30.5832],[109.2276,30.5857],[109.2512,30.5929],[109.2995,30.6306],[109.3136,30.6102],[109.3282,30.6161],[109.3145,30.5998],[109.3612,30.5547],[109.3371,30.5208],[109.3428,30.4947],[109.3521,30.4872],[109.4565,30.6138],[109.4828,30.6232],[109.5287,30.6639],[109.5379,30.664],[109.5388,30.6384],[109.5741,30.6469],[109.588,30.6647],[109.5816,30.6708],[109.5907,30.6934],[109.6254,30.7027],[109.649,30.7189],[109.6608,30.7373],[109.6567,30.7605],[109.6854,30.7687],[109.7021,30.7836],[109.7027,30.7703],[109.7181,30.7787],[109.7166,30.8017],[109.7296,30.8154],[109.7808,30.8486],[109.8194,30.8602],[109.8945,30.8998],[109.9409,30.8897],[109.9437,30.879],[109.9584,30.8774],[109.976,30.8887],[110.0082,30.8836],[110.005,30.8704],[110.0179,30.8553],[110.0196,30.8296],[110.0392,30.8205],[110.053,30.7996],[110.0823,30.7996],[110.1443,30.8972],[110.1539,30.9538],[110.1732,30.9799],[110.1636,30.9916],[110.1361,30.9868],[110.1402,31.0306],[110.1209,31.032],[110.1331,31.0598],[110.1201,31.0888],[110.1458,31.1081],[110.1469,31.1169],[110.1894,31.1295],[110.1869,31.1453],[110.1989,31.1565],[110.1802,31.1796],[110.1696,31.2279],[110.1749,31.2435],[110.1624,31.2519],[110.1562,31.2773],[110.164,31.3032],[110.1517,31.3179],[110.158,31.3335],[110.1401,31.3683],[110.1453,31.3813],[110.14,31.3905],[110.1189,31.4007],[110.1152,31.4123],[110.054,31.4109],[110.0335,31.4397],[110.0036,31.4536],[109.9878,31.4747],[109.9547,31.4684],[109.9429,31.4753],[109.9422,31.4832],[109.9823,31.5125],[109.9453,31.5067],[109.9239,31.5215],[109.8946,31.5192],[109.838,31.5553],[109.801,31.5414],[109.7886,31.5505],[109.7353,31.5461],[109.7189,31.557],[109.7275,31.5707],[109.7464,31.578],[109.7453,31.5964],[109.7642,31.603],[109.7374,31.6287],[109.7406,31.6636],[109.7319,31.6731],[109.7311,31.7004],[109.7095,31.7011],[109.683,31.7198],[109.6449,31.7209],[109.617,31.7116],[109.5804,31.7287],[109.5498,31.73],[109.4727,31.7146],[109.4566,31.722],[109.4203,31.7207],[109.4116,31.7082],[109.3895,31.7051],[109.2816,31.7169],[109.2831,31.7396],[109.2547,31.7669],[109.2813,31.7779],[109.2748,31.8005],[109.1962,31.8175],[109.1919,31.828],[109.1996,31.8425],[109.1909,31.8557],[109.167,31.8753],[109.1246,31.8921],[109.0393,31.9607],[108.9371,31.9889],[108.9024,31.9849],[108.8735,32.0002],[108.8379,32.0388],[108.7763,32.0551],[108.7517,32.0742],[108.7477,32.0998],[108.7264,32.1068],[108.6747,32.1034],[108.584,32.1722],[108.551,32.1761],[108.5097,32.2012],[108.4793,32.1821],[108.4573,32.1815],[108.434,32.1921],[108.4253,32.1874],[108.4064,32.1962],[108.3694,32.1733],[108.4066,32.1413],[108.4316,32.1017],[108.4521,32.091],[108.4494,32.073],[108.43,32.0614],[108.3738,32.0772],[108.3446,32.0683],[108.3448,32.0605],[108.3643,32.0472],[108.3629,32.0368],[108.3292,32.0193],[108.3614,31.9981],[108.3671,31.9845],[108.3505,31.9719],[108.3071,31.9973],[108.2822,31.9792],[108.2658,31.9837],[108.2672,31.9731],[108.2594,31.9669],[108.2758,31.9576],[108.286,31.9389],[108.2827,31.9177],[108.3084,31.906],[108.341,31.8635],[108.3862,31.8539],[108.3947,31.8265],[108.4414,31.8076],[108.4625,31.8128],[108.4563,31.784],[108.4886,31.7803],[108.5157,31.7611],[108.5353,31.7577],[108.5061,31.7348],[108.5187,31.7262],[108.5248,31.6997],[108.5148,31.6941],[108.5465,31.6667],[108.5191,31.6657],[108.4862,31.6399],[108.4688,31.6362],[108.4652,31.6184],[108.4427,31.6337],[108.4231,31.6213],[108.3884,31.5869],[108.3936,31.5763],[108.3779,31.5704],[108.3918,31.5605],[108.3887,31.5464],[108.3476,31.5452],[108.3391,31.5379],[108.3453,31.5149],[108.3233,31.5024],[108.2817,31.5073],[108.2548,31.4988],[108.2268,31.5058],[108.2184,31.4962],[108.1905,31.4915],[108.1933,31.4682],[108.2231,31.4652],[108.2256,31.453],[108.2106,31.4358],[108.2163,31.4112],[108.2034,31.3954],[108.1829,31.393],[108.1541,31.3708],[108.1589,31.3603],[108.1806,31.3492],[108.1805,31.3258],[108.0945,31.275],[108.0924,31.2658],[108.0214,31.2457],[108.0316,31.2368],[108.0279,31.222],[108.0401,31.2186],[108.0763,31.2318],[108.0711,31.2183],[108.0807,31.2189],[108.0899,31.2019],[108.0857,31.1881],[108.0553,31.1567],[108.0566,31.1457],[108.0363,31.1399],[108.0257,31.1164],[108.0093,31.1088],[108.0247,31.0892],[108.029,31.0617],[108.0599,31.0532],[108.0533,31.0407],[108.0038,31.0254],[107.9831,30.9842],[107.9435,30.9894],[107.9363,30.9527],[107.9483,30.9191],[107.9947,30.9087],[107.956,30.883],[107.9542,30.8724],[107.8965,30.8349],[107.8499,30.7926],[107.8177,30.798],[107.7992,30.8149],[107.7638,30.8171],[107.7528,30.8508],[107.7603,30.8623],[107.75,30.8648],[107.7377,30.885],[107.7159,30.8878],[107.7041,30.8722],[107.692,30.8748],[107.6475,30.8232],[107.6338,30.8178],[107.6161,30.8286],[107.6147,30.8391],[107.5841,30.8405],[107.5776,30.8481],[107.5355,30.8477],[107.5266,30.8394],[107.5148,30.8549],[107.4829,30.8383],[107.4921,30.8332],[107.49,30.8211],[107.499,30.8108],[107.4778,30.7998],[107.4734,30.7858],[107.4603,30.7842],[107.4664,30.774],[107.4456,30.7782],[107.4396,30.7598],[107.445,30.7525],[107.4257,30.7468],[107.4371,30.721],[107.4586,30.7048],[107.4566,30.6827],[107.4774,30.6648],[107.4992,30.6601],[107.5154,30.642],[107.4602,30.5713],[107.4275,30.5476],[107.4429,30.5353],[107.4338,30.5236],[107.4199,30.5165],[107.4087,30.5216],[107.36,30.4563],[107.3414,30.4121],[107.339,30.3871],[107.2888,30.3376],[107.256,30.2638],[107.2211,30.2137],[107.1365,30.1344],[107.1313,30.1215],[107.1066,30.1138],[107.111,30.1043],[107.1031,30.0901],[107.0801,30.0942],[107.0739,30.081],[107.0845,30.0639],[107.0753,30.0511],[107.0554,30.0406],[107.0425,30.0551],[107.0427,30.035],[107.0206,30.0368],[106.9853,30.0841],[106.9665,30.0799],[106.9549,30.0661],[106.9486,30.0401],[106.9149,30.034],[106.9136,30.0256],[106.8843,30.0344],[106.8614,30.0282],[106.837,30.0497],[106.8302,30.034],[106.8,30.0306],[106.7856,30.0172],[106.7324,30.0268],[106.7258,30.0571],[106.6988,30.0765],[106.7032,30.1181],[106.6739,30.1221],[106.6776,30.1574],[106.6393,30.1802],[106.647,30.1895],[106.6319,30.1865],[106.6336,30.1997],[106.627,30.1978],[106.6244,30.2113],[106.6327,30.2162],[106.6191,30.2297],[106.6115,30.228],[106.6098,30.2353],[106.6427,30.2499],[106.6348,30.2657],[106.6276,30.2659],[106.6117,30.2924],[106.5905,30.2942],[106.5603,30.3152],[106.5471,30.3104],[106.5448,30.2968],[106.5214,30.3003],[106.5094,30.2894],[106.4761,30.307],[106.4721,30.3],[106.4483,30.2996],[106.4515,30.3081],[106.441,30.3089],[106.4419,30.2895],[106.4286,30.2915],[106.4347,30.277],[106.408,30.2761],[106.4294,30.2612],[106.4278,30.2538],[106.4168,30.2534],[106.4108,30.2434],[106.3831,30.2547],[106.3902,30.2437],[106.3493,30.2453],[106.3368,30.2379],[106.335,30.2264],[106.3006,30.2386],[106.3058,30.2257],[106.2927,30.2202],[106.2967,30.2051],[106.2785,30.1957],[106.2798,30.2079],[106.2619,30.2138],[106.2717,30.204],[106.2644,30.1935],[106.2459,30.1965],[106.2497,30.1897],[106.2418,30.1777],[106.2327,30.1861],[106.2403,30.2002],[106.2322,30.2125],[106.2045,30.2057],[106.1925,30.2154],[106.2011,30.2284],[106.1804,30.2329],[106.1783,30.2486],[106.1705,30.2506],[106.1784,30.2569],[106.1798,30.2787],[106.1691,30.3041],[106.1565,30.3137],[106.1494,30.3095],[106.1241,30.3248],[106.1318,30.3018],[106.1148,30.3173],[106.1061,30.3108],[106.098,30.3236],[106.0883,30.3232],[106.0886,30.346],[106.0735,30.3341],[106.0337,30.3618],[106.0309,30.3742],[106.0022,30.3769],[105.992,30.3692],[105.9703,30.3789],[105.9409,30.3723],[105.917,30.396],[105.9015,30.3863],[105.9053,30.4064],[105.8765,30.3995],[105.8868,30.3926],[105.8776,30.3867],[105.8691,30.4015],[105.8738,30.4087],[105.8462,30.3924],[105.8391,30.3997],[105.8461,30.4112],[105.8202,30.4375],[105.7923,30.4273],[105.7955,30.4185],[105.7828,30.4031],[105.7707,30.4041],[105.7603,30.3846],[105.77,30.3762],[105.7519,30.3571],[105.7562,30.3471],[105.735,30.3367],[105.7415,30.3192],[105.7148,30.3228],[105.7118,30.2823],[105.735,30.277],[105.7301,30.2658],[105.7352,30.2615],[105.721,30.2632],[105.7239,30.2548],[105.6733,30.2528],[105.6672,30.2657],[105.6227,30.2739],[105.6106,30.2559],[105.6204,30.2489],[105.6187,30.2354],[105.6363,30.2197],[105.6554,30.2208],[105.6623,30.2101],[105.6455,30.2069],[105.6424,30.1864],[105.6079,30.1783],[105.5951,30.1837],[105.5799,30.1734],[105.567,30.1832],[105.5469,30.1807],[105.5364,30.1648],[105.5362,30.1529],[105.5561,30.1448],[105.5714,30.1616],[105.5968,30.1571],[105.5932,30.1447],[105.57,30.1343],[105.5981,30.1092],[105.6408,30.1013],[105.6393,30.0764],[105.6605,30.0663],[105.6746,30.0713],[105.687,30.039],[105.7213,30.0421],[105.728,30.0272],[105.742,30.0336],[105.7537,30.0186],[105.7488,30.0059],[105.7325,29.9988],[105.7233,29.976],[105.731,29.9566],[105.7025,29.9239],[105.715,29.9112],[105.7174,29.8936],[105.734,29.8936],[105.7331,29.8607],[105.7194,29.8566],[105.7089,29.8406],[105.6778,29.8543],[105.6618,29.8408],[105.6415,29.8368],[105.6177,29.8457],[105.6041,29.8168],[105.5884,29.8231],[105.5803,29.7908],[105.5875,29.7849],[105.5723,29.7687],[105.5749,29.7445],[105.5643,29.7378],[105.5657,29.724],[105.5492,29.7376],[105.5428,29.7265],[105.5503,29.722],[105.5296,29.7076],[105.5389,29.6949],[105.528,29.6924],[105.4903,29.7203],[105.4734,29.7075],[105.4828,29.6791],[105.4757,29.6747],[105.4364,29.677],[105.4206,29.6883],[105.4005,29.6716],[105.3897,29.6765],[105.3839,29.6698],[105.3932,29.6507],[105.3776,29.6433],[105.3808,29.6282],[105.3696,29.6211],[105.3544,29.6267],[105.3355,29.5952],[105.3257,29.5959],[105.3298,29.6044],[105.321,29.6097],[105.3113,29.5934],[105.3176,29.5782],[105.2986,29.5725],[105.2898,29.5526],[105.2943,29.534],[105.3189,29.5124],[105.3212,29.476],[105.338,29.4619],[105.3246,29.45],[105.3341,29.4414],[105.3456,29.4485],[105.3604,29.4442],[105.362,29.4547],[105.3738,29.4583],[105.3895,29.4528],[105.3992,29.439],[105.3875,29.4384],[105.3888,29.4319],[105.3733,29.4208],[105.417,29.4234],[105.4431,29.3991],[105.4437,29.3864],[105.4322,29.3797],[105.4348,29.3631],[105.4186,29.3523],[105.4201,29.317],[105.4493,29.3175],[105.4547,29.3291],[105.4665,29.3216],[105.4743,29.31],[105.4593,29.2901],[105.4889,29.2782],[105.5091,29.2854],[105.5184,29.2644],[105.5583,29.2785],[105.5833,29.2704],[105.6095,29.2728],[105.608,29.2557],[105.6318,29.2804],[105.6441,29.271],[105.6395,29.2616],[105.6476,29.2533],[105.6665,29.2529],[105.6716,29.2609],[105.6651,29.2766],[105.6781,29.2735],[105.6898,29.2919],[105.7051,29.2992],[105.7159,29.2909],[105.6952,29.2874],[105.694,29.2676],[105.712,29.2189],[105.7045,29.2024],[105.7058,29.1747],[105.7196,29.1722],[105.7288,29.1344],[105.7429,29.1376],[105.7521,29.1298],[105.7352,29.1224],[105.7293,29.1077],[105.745,29.0755],[105.7578,29.069],[105.7418,29.0395],[105.7662,29.0134],[105.7619,28.993],[105.8089,28.9565],[105.7927,28.9435],[105.7976,28.9359],[105.8305,28.9443],[105.8527,28.9274],[105.875,28.934],[105.8881,28.9268],[105.8893,28.9095],[105.9096,28.9002],[105.9156,28.9075],[105.9098,28.9205],[105.9719,28.966],[105.9761,28.9592],[105.9884,28.9642],[105.9746,28.9736],[105.9841,28.979],[106.0015,28.9736],[106.0242,28.9497],[106.0438,28.9541],[106.0395,28.9187],[106.0519,28.9069],[106.0705,28.9198],[106.1013,28.899],[106.1492,28.9019],[106.1737,28.9208],[106.2069,28.9045],[106.2422,28.8682],[106.2532,28.8658],[106.2651,28.8467],[106.2602,28.8336],[106.2467,28.8265],[106.2544,28.8192],[106.2444,28.8146],[106.2524,28.7858],[106.2677,28.7793],[106.2732,28.7398],[106.2877,28.7324],[106.3035,28.7091],[106.3062,28.6758],[106.3211,28.6655],[106.304,28.6499],[106.3298,28.634],[106.3245,28.6167],[106.3466,28.5838],[106.3393,28.5664],[106.3448,28.562],[106.332,28.5532],[106.3423,28.5326],[106.3498,28.5401],[106.3639,28.5269],[106.3743,28.5256],[106.3736,28.5377],[106.3898,28.5533],[106.3857,28.5608],[106.3991,28.5712],[106.4395,28.5594],[106.4716,28.5326],[106.5012,28.5345],[106.5047,28.5447],[106.467,28.5864],[106.4738,28.599],[106.4988,28.5859],[106.5088,28.5649],[106.5247,28.5778],[106.5133,28.577],[106.4945,28.6],[106.495,28.6151],[106.5066,28.6353],[106.5028,28.6613],[106.5201,28.6621],[106.5297,28.6731],[106.5158,28.6882],[106.5103,28.7152],[106.4993,28.7174],[106.4938,28.7395],[106.4621,28.7612],[106.4542,28.7761],[106.4516,28.7928],[106.4628,28.7972],[106.4514,28.8081],[106.4535,28.817],[106.4684,28.8265],[106.4619,28.831],[106.4745,28.833],[106.4906,28.8065],[106.5211,28.7943],[106.523,28.7811],[106.5618,28.7561],[106.5603,28.7207],[106.5873,28.6915],[106.6061,28.685],[106.6192,28.6892],[106.6177,28.6673],[106.6269,28.6593],[106.6437,28.6643],[106.6514,28.6494],[106.6202,28.6457],[106.6365,28.6132],[106.6296,28.6048],[106.6147,28.6094],[106.6071,28.5943],[106.6153,28.5497],[106.5846,28.5233],[106.5687,28.5236],[106.5603,28.5134],[106.5679,28.5053],[106.5628,28.4974],[106.568,28.484],[106.5892,28.4884],[106.585,28.5068],[106.5934,28.5102],[106.6101,28.4979],[106.6327,28.5036],[106.6311,28.4902],[106.6498,28.4795],[106.6611,28.4919],[106.6783,28.4814],[106.6883,28.4846],[106.6967,28.4784],[106.6933,28.4565],[106.7085,28.4505],[106.7466,28.4666],[106.7448,28.4899],[106.726,28.5186],[106.7282,28.542],[106.7373,28.5533],[106.7799,28.5638],[106.7809,28.5749],[106.7586,28.5881],[106.759,28.6111],[106.7739,28.6119],[106.7803,28.625],[106.8077,28.5894],[106.8271,28.5986],[106.8293,28.6227],[106.8664,28.6245],[106.8832,28.6925],[106.8547,28.6971],[106.8539,28.7063],[106.8625,28.7076],[106.8529,28.7245],[106.8284,28.7377],[106.824,28.7561],[106.8454,28.781],[106.8623,28.7806],[106.8646,28.7745],[106.8864,28.7947],[106.8979,28.8011],[106.9053,28.7961],[106.9231,28.81],[106.9517,28.767],[106.9879,28.7747],[106.9834,28.8512],[107.0191,28.8607],[107.0161,28.8825],[107.0366,28.8812],[107.0406,28.8639],[107.0587,28.8689],[107.0456,28.8749],[107.0575,28.8948],[107.0665,28.8954],[107.0723,28.8793],[107.0598,28.8685],[107.0727,28.8666],[107.0871,28.8723],[107.0967,28.8901],[107.142,28.8877],[107.1468,28.8762],[107.1559,28.883],[107.1841,28.8799],[107.1936,28.8888],[107.194,28.8766],[107.2065,28.868],[107.1951,28.8381],[107.2264,28.8368],[107.2106,28.8148],[107.2192,28.7727],[107.2467,28.7618],[107.2614,28.7927],[107.3254,28.8096],[107.3451,28.8296],[107.332,28.8412],[107.3834,28.8486],[107.4061,28.8915],[107.4157,28.8898],[107.4144,28.9132],[107.4229,28.9283],[107.441,28.9438],[107.4388,28.9553],[107.413,28.9601],[107.3969,28.9933],[107.3704,28.9939],[107.3645,29.0105],[107.3952,29.0397],[107.3907,29.0591],[107.3799,29.0574],[107.3697,29.0916],[107.3744,29.0976],[107.3923,29.0913],[107.413,29.0957],[107.4276,29.1274],[107.4084,29.1383],[107.4123,29.1614],[107.4016,29.1847],[107.4285,29.1911],[107.4414,29.204],[107.464,29.1954],[107.4624,29.1769],[107.4731,29.171],[107.5149,29.1942],[107.5322,29.1955],[107.5534,29.2187],[107.5657,29.221],[107.5902,29.1653],[107.5892,29.15],[107.601,29.1478],[107.6067,29.1655],[107.6299,29.1656],[107.6594,29.1629],[107.6636,29.1475],[107.6986,29.1412],[107.7185,29.1562],[107.7248,29.1822],[107.7516,29.1996],[107.7603,29.1777],[107.8106,29.1383],[107.7898,29.0824],[107.7852,29.0472],[107.8235,29.0342],[107.8104,28.9843],[107.842,28.9646],[107.8675,28.9605],[107.872,28.9831],[107.8831,28.9865],[107.8852,29.0084],[107.9088,29.0074],[107.9311,29.0352],[108.0243,29.0387],[108.0705,29.0864],[108.1099,29.0761],[108.1306,29.0633],[108.1327,29.0541],[108.1501,29.0533],[108.1977,29.0706],[108.2047,29.0568],[108.2304,29.047],[108.2247,29.0316],[108.2423,29.0284],[108.257,29.042],[108.2706,29.0909],[108.2866,29.0892],[108.3072,29.0775],[108.2979,29.0472],[108.3121,28.9975]]],[[[109.1055,30.5857],[109.1059,30.6107],[109.0932,30.609],[109.0836,30.5983],[109.0929,30.5787],[109.1055,30.5857]]],[[[105.5831,30.124],[105.5827,30.1275],[105.5802,30.1297],[105.5742,30.1304],[105.5831,30.124]]],[[[109.0987,30.5791],[109.0929,30.5787],[109.1037,30.5658],[109.1061,30.5708],[109.0987,30.5791]]],[[[107.0584,30.0431],[107.0538,30.0438],[107.0542,30.0408],[107.0554,30.0406],[107.0584,30.0431]]]]}},{"type":"Feature","properties":{"regionId":"fujian"},"geometry":{"type":"MultiPolygon","coordinates":[[[[118.3738,24.5756],[118.3857,24.582],[118.3918,24.5741],[118.403,24.5781],[118.4016,24.5909],[118.4447,24.615],[118.4786,24.615],[118.5186,24.6059],[118.5573,24.5729],[118.5462,24.5498],[118.5637,24.5393],[118.5664,24.5206],[118.5581,24.5126],[118.5799,24.5072],[118.6143,24.5217],[118.6206,24.5348],[118.6575,24.5545],[118.656,24.5659],[118.6803,24.5822],[118.6891,24.609],[118.6869,24.6336],[118.6725,24.6314],[118.667,24.6214],[118.655,24.6337],[118.6561,24.6698],[118.6702,24.6798],[118.6859,24.6626],[118.7241,24.6777],[118.7505,24.7165],[118.7424,24.7171],[118.766,24.7287],[118.7847,24.7601],[118.7854,24.7768],[118.7361,24.784],[118.7322,24.8156],[118.713,24.8092],[118.7106,24.7967],[118.6737,24.7945],[118.6504,24.8088],[118.6479,24.8436],[118.6877,24.8566],[118.697,24.8679],[118.7052,24.8443],[118.7314,24.8407],[118.7349,24.8261],[118.7459,24.8245],[118.7512,24.8454],[118.7872,24.8557],[118.8058,24.8699],[118.8197,24.869],[118.8345,24.8543],[118.8458,24.8638],[118.8357,24.8681],[118.8383,24.8757],[118.8647,24.8874],[118.9314,24.8704],[118.9918,24.8803],[118.9882,24.8968],[118.9723,24.9023],[118.9555,24.897],[118.9421,24.9082],[118.933,24.9065],[118.9184,24.9325],[118.9456,24.954],[118.9828,24.9344],[119.0139,24.9415],[119.0327,24.9577],[119.0171,24.9634],[119.0094,24.9586],[119.0061,24.9702],[118.9897,24.9741],[118.9886,24.9955],[119.0059,24.9993],[119.0245,25.0517],[119.0164,25.0585],[118.999,25.0556],[118.9763,25.0268],[118.9603,25.0218],[118.9453,25.0285],[118.9463,25.0431],[118.9205,25.0549],[118.8892,25.0842],[118.8921,25.0927],[118.9378,25.098],[118.9748,25.1152],[118.9738,25.1217],[118.9539,25.1271],[118.9515,25.1494],[118.9855,25.1661],[118.9844,25.1955],[118.9711,25.2083],[118.9504,25.2062],[118.9419,25.211],[118.9457,25.2196],[118.8998,25.2414],[118.9181,25.2458],[118.9155,25.2569],[118.9301,25.2559],[118.9545,25.2714],[119.0144,25.2744],[119.0236,25.2679],[119.0175,25.2555],[119.0064,25.2551],[118.9969,25.2663],[118.9835,25.2378],[118.9751,25.2376],[118.99,25.2018],[119.0552,25.2195],[119.0647,25.2067],[119.0744,25.2114],[119.0628,25.1739],[119.0543,25.1686],[119.0378,25.1749],[119.0285,25.1645],[119.0291,25.1396],[119.0357,25.1258],[119.0756,25.0998],[119.0828,25.1085],[119.1343,25.1061],[119.1424,25.0967],[119.1289,25.0952],[119.1073,25.0753],[119.118,25.0581],[119.1134,25.0522],[119.0899,25.0522],[119.1061,25.0445],[119.1067,25.033],[119.1192,25.0266],[119.1194,25.0126],[119.1278,25.0126],[119.1258,25.0211],[119.147,25.0558],[119.1405,25.0563],[119.1418,25.0827],[119.1581,25.0922],[119.1658,25.1454],[119.1609,25.1509],[119.1463,25.1467],[119.1383,25.1519],[119.1419,25.1695],[119.1188,25.1757],[119.1081,25.1941],[119.1191,25.2124],[119.1385,25.2247],[119.1467,25.2042],[119.1825,25.1782],[119.199,25.1764],[119.2317,25.189],[119.261,25.1756],[119.2693,25.16],[119.3135,25.1894],[119.2934,25.2351],[119.3321,25.2309],[119.3409,25.2409],[119.3783,25.2489],[119.3851,25.2757],[119.3697,25.2715],[119.3357,25.2855],[119.299,25.3288],[119.2536,25.3359],[119.2475,25.3336],[119.2483,25.3162],[119.2405,25.3169],[119.2188,25.3679],[119.1953,25.3683],[119.171,25.3759],[119.1627,25.387],[119.1449,25.388],[119.1516,25.4265],[119.1687,25.4387],[119.197,25.4246],[119.2322,25.4423],[119.236,25.4483],[119.2198,25.4686],[119.2561,25.4889],[119.2561,25.4792],[119.2726,25.4778],[119.2615,25.4513],[119.2632,25.4279],[119.288,25.411],[119.3537,25.4118],[119.3545,25.4437],[119.3436,25.4725],[119.357,25.5207],[119.3974,25.5063],[119.4012,25.4936],[119.4247,25.488],[119.4356,25.4995],[119.4529,25.4937],[119.4428,25.4725],[119.4473,25.4508],[119.4303,25.4357],[119.4442,25.4117],[119.4625,25.4479],[119.4901,25.4468],[119.4859,25.4224],[119.5072,25.3963],[119.4857,25.3673],[119.4967,25.3588],[119.52,25.3769],[119.534,25.3725],[119.5317,25.3606],[119.5485,25.3661],[119.5521,25.3804],[119.5789,25.4008],[119.5554,25.4291],[119.5599,25.4457],[119.573,25.4503],[119.5904,25.3982],[119.5828,25.3799],[119.5974,25.3347],[119.636,25.3387],[119.6585,25.354],[119.657,25.3633],[119.6307,25.3587],[119.6652,25.3721],[119.6565,25.397],[119.6581,25.4078],[119.6684,25.4079],[119.6724,25.419],[119.6701,25.4355],[119.6568,25.4385],[119.6571,25.4284],[119.6229,25.434],[119.6411,25.4444],[119.6489,25.4617],[119.675,25.4681],[119.6876,25.4612],[119.6811,25.4503],[119.6855,25.4401],[119.7031,25.4405],[119.7186,25.4197],[119.7386,25.4164],[119.7567,25.3963],[119.7725,25.3951],[119.7836,25.4115],[119.7623,25.4175],[119.7642,25.4334],[119.8265,25.4653],[119.8399,25.4627],[119.8452,25.4528],[119.8666,25.455],[119.8595,25.4619],[119.8639,25.4797],[119.8331,25.4817],[119.83,25.4902],[119.8161,25.4938],[119.8146,25.5294],[119.8441,25.544],[119.8541,25.5335],[119.8709,25.5358],[119.8904,25.5657],[119.8456,25.5697],[119.8314,25.58],[119.8407,25.6013],[119.8089,25.6185],[119.788,25.6153],[119.7793,25.6372],[119.7919,25.6539],[119.7914,25.6654],[119.7279,25.6384],[119.7194,25.6224],[119.7003,25.6164],[119.6838,25.5959],[119.6923,25.5774],[119.7083,25.5711],[119.7178,25.5475],[119.7143,25.5211],[119.7239,25.5175],[119.6965,25.5108],[119.6761,25.4914],[119.675,25.475],[119.6541,25.4703],[119.6527,25.4857],[119.6245,25.4738],[119.6273,25.4889],[119.6139,25.5048],[119.6164,25.5568],[119.5968,25.5933],[119.5708,25.5822],[119.5348,25.5853],[119.5424,25.6025],[119.5402,25.6287],[119.5038,25.6245],[119.4783,25.6315],[119.473,25.6623],[119.4903,25.6735],[119.5266,25.683],[119.5833,25.6791],[119.603,25.6853],[119.612,25.7036],[119.603,25.7147],[119.6122,25.7271],[119.6265,25.7233],[119.6376,25.7496],[119.6276,25.7683],[119.6285,25.872],[119.6431,25.8922],[119.6952,25.9044],[119.722,25.9903],[119.7236,26.0115],[119.7154,26.0255],[119.7002,26.0325],[119.6671,26.0289],[119.6544,26.0901],[119.6446,26.0905],[119.6419,26.1089],[119.6187,26.1198],[119.6037,26.1531],[119.6053,26.1697],[119.6645,26.202],[119.6681,26.2203],[119.6798,26.2292],[119.6691,26.257],[119.6763,26.2631],[119.7713,26.2852],[119.7977,26.2682],[119.8147,26.2803],[119.8184,26.2938],[119.8037,26.299],[119.8068,26.3077],[119.8451,26.3228],[119.861,26.3159],[119.8626,26.3076],[119.9099,26.3104],[119.9545,26.3527],[119.9624,26.3735],[119.8937,26.3559],[119.8766,26.3596],[119.8809,26.3728],[119.8615,26.3911],[119.8357,26.4377],[119.8377,26.4501],[119.7884,26.5832],[119.7526,26.5962],[119.7401,26.6107],[119.6896,26.611],[119.679,26.6177],[119.6207,26.5921],[119.608,26.5941],[119.5779,26.6223],[119.5841,26.6338],[119.6195,26.6491],[119.6282,26.6763],[119.641,26.6852],[119.6332,26.6988],[119.6577,26.7006],[119.6643,26.7218],[119.6534,26.7447],[119.6647,26.7261],[119.7111,26.6866],[119.7876,26.691],[119.8104,26.6842],[119.8305,26.6909],[119.8624,26.6739],[119.8614,26.6454],[119.8739,26.6429],[119.9082,26.6614],[119.8992,26.6932],[119.9382,26.742],[119.9247,26.7702],[119.9431,26.7848],[119.9689,26.7861],[119.9674,26.7779],[119.9796,26.7749],[120.0564,26.786],[120.0631,26.7744],[120.0412,26.7487],[120.0206,26.7391],[120.0196,26.7284],[119.994,26.7206],[119.9706,26.6916],[119.977,26.6773],[119.9702,26.6529],[119.958,26.6487],[119.9612,26.6375],[119.9464,26.612],[119.9403,26.6231],[119.9019,26.6246],[119.8458,26.589],[119.8286,26.5242],[119.8391,26.5142],[119.867,26.5089],[119.8937,26.514],[119.9118,26.54],[119.9336,26.5451],[119.9476,26.5606],[119.938,26.5765],[119.9469,26.5897],[119.9677,26.5977],[120.0077,26.5956],[120.0681,26.6275],[120.0939,26.6137],[120.1381,26.638],[120.1446,26.6494],[120.1278,26.6486],[120.131,26.6619],[120.1154,26.6638],[120.1106,26.6928],[120.1599,26.7159],[120.1658,26.7315],[120.1505,26.7345],[120.1585,26.7467],[120.1485,26.75],[120.1143,26.7434],[120.1068,26.7528],[120.1241,26.781],[120.137,26.7882],[120.1365,26.7978],[120.1023,26.7957],[120.0942,26.8146],[120.1024,26.8268],[120.0637,26.8243],[120.0502,26.8402],[120.0545,26.8637],[120.1037,26.873],[120.1182,26.8829],[120.1188,26.9189],[120.1806,26.9204],[120.2319,26.9072],[120.2472,26.9248],[120.2509,26.9732],[120.2786,26.9858],[120.2744,27.0279],[120.2565,27.0319],[120.2998,27.0396],[120.2828,27.0898],[120.3199,27.0944],[120.3268,27.0874],[120.3921,27.0813],[120.4033,27.1006],[120.4617,27.1426],[120.4044,27.204],[120.4009,27.2115],[120.414,27.2309],[120.3985,27.2425],[120.4018,27.2509],[120.4154,27.2564],[120.4224,27.2508],[120.43,27.2589],[120.4088,27.2766],[120.4014,27.2986],[120.3748,27.3293],[120.3515,27.3468],[120.3553,27.3539],[120.3433,27.3662],[120.3516,27.3836],[120.3407,27.3996],[120.3318,27.3961],[120.3156,27.4056],[120.3153,27.3933],[120.2895,27.3959],[120.2734,27.3894],[120.2582,27.4127],[120.2624,27.4329],[120.249,27.4399],[120.2216,27.4203],[120.2024,27.4284],[120.1769,27.42],[120.1345,27.4198],[120.1372,27.4023],[120.1289,27.3916],[120.1216,27.3974],[120.0962,27.3903],[120.0969,27.3796],[120.077,27.3692],[120.0523,27.3387],[120.0276,27.3423],[120.0052,27.3767],[119.9942,27.3792],[119.9884,27.3714],[119.9603,27.3661],[119.9602,27.3519],[119.9389,27.3238],[119.944,27.3141],[119.9033,27.3176],[119.879,27.3096],[119.8781,27.3018],[119.8656,27.3062],[119.8713,27.3154],[119.8567,27.3148],[119.8462,27.3241],[119.8348,27.3125],[119.8448,27.3066],[119.8402,27.2989],[119.8195,27.296],[119.7957,27.3105],[119.7905,27.3026],[119.7706,27.3057],[119.7698,27.3233],[119.785,27.3236],[119.7815,27.3305],[119.7684,27.3357],[119.7691,27.3454],[119.7506,27.3504],[119.7405,27.3622],[119.7505,27.3732],[119.7414,27.3755],[119.7249,27.4013],[119.7096,27.4047],[119.7047,27.4247],[119.6855,27.4384],[119.7034,27.4473],[119.7099,27.4625],[119.71,27.4958],[119.703,27.4993],[119.7086,27.5143],[119.6846,27.5412],[119.6672,27.5336],[119.6593,27.5397],[119.6751,27.5744],[119.6309,27.5827],[119.6265,27.6205],[119.6411,27.6254],[119.6475,27.6405],[119.6396,27.6527],[119.644,27.6635],[119.6062,27.6748],[119.595,27.6669],[119.5501,27.6638],[119.5392,27.6754],[119.5371,27.6589],[119.5012,27.6499],[119.5009,27.6082],[119.4818,27.5856],[119.4848,27.5704],[119.4665,27.5264],[119.4385,27.5088],[119.4167,27.5396],[119.3768,27.535],[119.3419,27.5068],[119.3477,27.4928],[119.3347,27.48],[119.285,27.4577],[119.2679,27.4215],[119.249,27.4186],[119.2472,27.4295],[119.2434,27.4199],[119.2226,27.4171],[119.1947,27.4187],[119.1803,27.4282],[119.1476,27.4248],[119.1214,27.4383],[119.1259,27.4522],[119.1189,27.4614],[119.1313,27.4631],[119.1308,27.4728],[119.1151,27.4828],[119.0901,27.4649],[119.0725,27.4722],[119.0652,27.4668],[119.0208,27.4979],[118.9989,27.4963],[118.9907,27.5034],[118.9828,27.496],[118.9904,27.4886],[118.9883,27.4772],[118.966,27.4734],[118.9554,27.4498],[118.9333,27.4636],[118.9015,27.4647],[118.8736,27.5178],[118.8579,27.5167],[118.8692,27.5399],[118.889,27.5475],[118.896,27.5631],[118.9102,27.5703],[118.9025,27.5916],[118.9139,27.6191],[118.9026,27.6237],[118.9037,27.6389],[118.8746,27.6828],[118.8805,27.6893],[118.875,27.701],[118.9,27.705],[118.8979,27.7189],[118.8707,27.7367],[118.854,27.7743],[118.84,27.7793],[118.8394,27.7886],[118.8515,27.796],[118.8263,27.8466],[118.8357,27.8665],[118.8265,27.8748],[118.8315,27.8863],[118.8204,27.8954],[118.8184,27.9167],[118.7542,27.9427],[118.7299,27.9726],[118.7266,28.0142],[118.7327,28.036],[118.7203,28.0454],[118.7188,28.0636],[118.7432,28.0885],[118.8023,28.1173],[118.8059,28.1531],[118.7981,28.1689],[118.761,28.1674],[118.7693,28.1858],[118.8042,28.2079],[118.8124,28.2256],[118.8021,28.2404],[118.7545,28.2535],[118.7394,28.2774],[118.7273,28.2811],[118.7301,28.2968],[118.7194,28.3121],[118.6993,28.3099],[118.6748,28.2715],[118.6514,28.2771],[118.623,28.2566],[118.5957,28.257],[118.5975,28.272],[118.5845,28.2843],[118.5475,28.2866],[118.5463,28.275],[118.5302,28.2704],[118.5141,28.2696],[118.5057,28.2799],[118.4929,28.2627],[118.5027,28.2468],[118.4907,28.2384],[118.4453,28.2509],[118.4489,28.2615],[118.4386,28.2613],[118.4331,28.2931],[118.3885,28.2667],[118.3735,28.2659],[118.3504,28.2503],[118.3435,28.2346],[118.3149,28.2229],[118.3398,28.1939],[118.3743,28.188],[118.3793,28.1666],[118.3611,28.1559],[118.3684,28.1292],[118.3568,28.1239],[118.3562,28.0917],[118.342,28.0848],[118.3082,28.0894],[118.2749,28.083],[118.2536,28.0688],[118.2425,28.0755],[118.1997,28.05],[118.1538,28.0619],[118.1351,28.0537],[118.1208,28.0418],[118.1291,28.0172],[118.1059,28.017],[118.0938,28.0019],[118.097,27.9676],[118.0899,27.965],[118.0742,27.9675],[118.0609,27.9827],[118.0427,27.9802],[118.0343,27.9882],[118.0066,27.9804],[117.9981,27.9912],[117.9857,27.9716],[117.9652,27.9626],[117.9428,27.9741],[117.9202,27.9634],[117.9122,27.9501],[117.8666,27.9378],[117.856,27.9459],[117.7855,27.8927],[117.7881,27.8558],[117.742,27.8012],[117.731,27.8034],[117.7056,27.833],[117.6825,27.8237],[117.667,27.8423],[117.6026,27.8696],[117.6036,27.8859],[117.5862,27.9056],[117.5868,27.9423],[117.5792,27.9457],[117.5696,27.9353],[117.5581,27.9649],[117.5218,27.9824],[117.5048,27.9543],[117.4747,27.9305],[117.454,27.9399],[117.4046,27.8932],[117.3666,27.8824],[117.3534,27.8585],[117.333,27.8621],[117.3362,27.8783],[117.3277,27.8941],[117.3181,27.8941],[117.3034,27.8722],[117.2808,27.8712],[117.2766,27.8481],[117.2936,27.8432],[117.3031,27.8302],[117.2978,27.7985],[117.3056,27.7755],[117.2947,27.7639],[117.2778,27.7676],[117.2798,27.7499],[117.2645,27.7289],[117.2037,27.7114],[117.2026,27.6836],[117.1727,27.6782],[117.1215,27.6942],[117.1066,27.6861],[117.0962,27.6675],[117.1119,27.6454],[117.106,27.6424],[117.1096,27.632],[117.0941,27.6278],[117.061,27.6691],[117.0408,27.6702],[117.0204,27.6531],[117.014,27.6302],[117.0092,27.6337],[117.0034,27.626],[117.0245,27.5924],[117.02,27.5571],[117.0549,27.5426],[117.0849,27.5641],[117.1031,27.5331],[117.1102,27.4588],[117.1254,27.452],[117.1328,27.4223],[117.1275,27.4067],[117.0991,27.3792],[117.1003,27.3392],[117.1095,27.3269],[117.1405,27.3228],[117.1372,27.303],[117.1572,27.3018],[117.1719,27.2903],[117.1662,27.2671],[117.1544,27.2609],[117.1498,27.2414],[117.1163,27.2077],[117.0971,27.2056],[117.0844,27.1828],[117.0488,27.1523],[117.0437,27.1398],[117.0532,27.1014],[116.9676,27.0618],[116.9364,27.0193],[116.9277,27.0314],[116.8943,27.0327],[116.8513,27.0094],[116.8177,27.0185],[116.7823,27.0096],[116.765,27.0004],[116.7573,26.9844],[116.7341,26.9938],[116.7049,26.9909],[116.6593,26.9622],[116.6021,26.8887],[116.5486,26.84],[116.5437,26.8039],[116.5586,26.7668],[116.5378,26.7371],[116.5151,26.721],[116.512,26.7083],[116.5199,26.6848],[116.5505,26.6512],[116.5661,26.6501],[116.5688,26.6422],[116.5532,26.5758],[116.5409,26.5681],[116.5409,26.5564],[116.5988,26.5105],[116.589,26.498],[116.6012,26.4905],[116.5974,26.4854],[116.6108,26.477],[116.6381,26.4795],[116.628,26.4455],[116.6107,26.4333],[116.6042,26.4158],[116.609,26.3838],[116.5842,26.3661],[116.5711,26.371],[116.5537,26.3654],[116.5592,26.3856],[116.5536,26.4003],[116.5452,26.3973],[116.5334,26.4088],[116.5194,26.4104],[116.5111,26.3911],[116.4983,26.3871],[116.4998,26.3614],[116.4593,26.3451],[116.4387,26.3214],[116.4371,26.3082],[116.4131,26.2981],[116.422,26.2915],[116.4182,26.2793],[116.4018,26.2749],[116.3917,26.2566],[116.3956,26.2446],[116.3854,26.2382],[116.3905,26.2101],[116.4001,26.2038],[116.3925,26.1703],[116.4151,26.1598],[116.4359,26.16],[116.4715,26.1752],[116.4821,26.1601],[116.4893,26.1137],[116.4217,26.0657],[116.4182,26.0546],[116.4013,26.0462],[116.4001,26.0331],[116.3833,26.0294],[116.371,26.0055],[116.3611,26.0007],[116.37,25.9633],[116.3263,25.9566],[116.3024,25.9226],[116.2682,25.9142],[116.2583,25.903],[116.2322,25.9004],[116.2251,25.9085],[116.1919,25.901],[116.1777,25.8943],[116.1698,25.877],[116.1535,25.8768],[116.1307,25.8587],[116.1318,25.8243],[116.1593,25.8096],[116.1601,25.7988],[116.1816,25.7764],[116.1755,25.7495],[116.166,25.7485],[116.1665,25.766],[116.1296,25.7592],[116.1085,25.7233],[116.107,25.7011],[116.0826,25.6962],[116.0676,25.7041],[116.0677,25.6913],[116.0602,25.6949],[116.0562,25.6824],[116.0652,25.6761],[116.0576,25.6602],[116.0689,25.6463],[116.0671,25.6343],[116.0596,25.6391],[116.0416,25.6263],[116.0469,25.617],[116.041,25.6069],[116.052,25.5986],[116.0628,25.5633],[116.0542,25.5469],[116.0403,25.548],[116.0353,25.5406],[116.0366,25.5148],[116.0158,25.5082],[116.0055,25.4905],[116.0073,25.4737],[116.0192,25.4742],[116.0122,25.4552],[116.0218,25.4207],[116.0054,25.4142],[116.008,25.3929],[115.9927,25.3711],[116,25.3577],[115.9917,25.3451],[116.0002,25.3433],[116.0058,25.3309],[116.0008,25.3249],[116.008,25.3214],[116.0001,25.3015],[115.9864,25.2908],[115.9776,25.2984],[115.9656,25.2869],[115.9515,25.2932],[115.9494,25.2662],[115.9309,25.236],[115.9017,25.2314],[115.8788,25.2143],[115.8705,25.2212],[115.8556,25.2094],[115.8534,25.1765],[115.8604,25.166],[115.8534,25.1639],[115.8551,25.1532],[115.8758,25.1523],[115.8884,25.129],[115.8739,25.1218],[115.8838,25.1032],[115.8801,25.0922],[115.9083,25.0845],[115.9194,25.0724],[115.9139,25.0607],[115.9283,25.0505],[115.9183,25.0387],[115.8979,25.037],[115.8882,25.0229],[115.8736,25.0199],[115.882,24.995],[115.8992,24.9918],[115.9251,24.9608],[115.895,24.962],[115.883,24.9767],[115.8723,24.9721],[115.8702,24.9595],[115.9085,24.9233],[115.9767,24.916],[115.9849,24.9002],[116.0031,24.8965],[116.0153,24.9057],[116.0234,24.9022],[116.0523,24.8615],[116.0689,24.85],[116.0832,24.8535],[116.0913,24.8384],[116.0949,24.8492],[116.1532,24.8466],[116.1811,24.8751],[116.1917,24.8771],[116.2009,24.858],[116.2205,24.8426],[116.2211,24.8308],[116.25,24.8279],[116.2331,24.8007],[116.2513,24.7934],[116.3,24.8029],[116.3441,24.8276],[116.3497,24.8567],[116.3618,24.8699],[116.3948,24.8779],[116.3939,24.8569],[116.4178,24.8407],[116.3772,24.8211],[116.376,24.8034],[116.3844,24.7909],[116.3997,24.794],[116.4191,24.7673],[116.4172,24.7431],[116.4374,24.7336],[116.4461,24.7145],[116.487,24.7186],[116.5015,24.6983],[116.505,24.667],[116.5175,24.6523],[116.5068,24.6213],[116.5259,24.6048],[116.5704,24.6217],[116.5965,24.654],[116.6328,24.6413],[116.6671,24.6586],[116.7005,24.6557],[116.7073,24.6651],[116.7419,24.6666],[116.7538,24.6545],[116.7776,24.6796],[116.8012,24.6783],[116.8153,24.6546],[116.7985,24.6372],[116.7989,24.624],[116.7612,24.583],[116.7678,24.5642],[116.7561,24.555],[116.7584,24.5466],[116.7811,24.5338],[116.7881,24.5116],[116.8168,24.4904],[116.8126,24.4841],[116.8336,24.4961],[116.8607,24.4623],[116.8415,24.4534],[116.8389,24.4425],[116.8694,24.4072],[116.8733,24.3912],[116.8853,24.3962],[116.9039,24.3699],[116.8961,24.3507],[116.9195,24.321],[116.9143,24.2877],[116.9377,24.2829],[116.934,24.2193],[116.9562,24.217],[116.9986,24.179],[116.9349,24.1269],[116.9266,24.0986],[116.9297,24.0654],[116.937,24.0546],[116.9524,24.0547],[116.9488,24.038],[116.9404,24.0351],[116.9552,24.0202],[116.9544,24.0059],[116.97,24.0075],[116.9813,23.9967],[116.9732,23.9742],[116.9826,23.9593],[116.9802,23.941],[116.9733,23.9271],[116.9547,23.9205],[116.9588,23.9007],[116.9793,23.8845],[116.9755,23.8723],[116.9601,23.8681],[116.9621,23.8614],[116.9816,23.8556],[116.9951,23.862],[117.0121,23.8553],[117.0225,23.8388],[117.0267,23.8199],[117.0185,23.8122],[117.0201,23.8007],[117.0341,23.7891],[117.0478,23.7587],[117.0532,23.6984],[117.0741,23.6909],[117.0894,23.6686],[117.1154,23.6653],[117.1249,23.646],[117.1475,23.6538],[117.1593,23.6401],[117.1926,23.6296],[117.1929,23.5616],[117.2913,23.5712],[117.3026,23.5504],[117.3178,23.549],[117.3824,23.5535],[117.454,23.575],[117.4637,23.5852],[117.4547,23.6282],[117.4665,23.6399],[117.4931,23.6424],[117.5013,23.6505],[117.4889,23.6795],[117.5027,23.7046],[117.5447,23.7158],[117.6015,23.7019],[117.613,23.7134],[117.6276,23.7494],[117.6603,23.7891],[117.6516,23.8153],[117.672,23.8781],[117.691,23.889],[117.7626,23.887],[117.7879,23.9],[117.8076,23.9474],[117.8649,24.0048],[117.9106,24.0118],[117.9276,24.0399],[117.925,24.0752],[117.9316,24.0944],[118.0001,24.1524],[118.0014,24.1769],[118.0194,24.1973],[118.0389,24.1993],[118.0747,24.2255],[118.1157,24.2294],[118.126,24.2525],[118.1532,24.2558],[118.1574,24.2779],[118.1396,24.3147],[118.1271,24.3185],[118.1213,24.3473],[118.1121,24.3569],[118.0757,24.3609],[118.0836,24.371],[118.0863,24.4103],[118.049,24.4183],[118.0522,24.4451],[118.0847,24.5299],[118.1213,24.5699],[118.1505,24.5835],[118.1694,24.5593],[118.2429,24.5125],[118.3635,24.5302],[118.3755,24.5364],[118.3774,24.5616],[118.3635,24.5682],[118.3738,24.5756]]],[[[118.4125,24.5143],[118.395,24.5089],[118.3999,24.4907],[118.3837,24.4807],[118.3895,24.4655],[118.3746,24.4588],[118.3187,24.4866],[118.2957,24.4753],[118.312,24.4246],[118.2901,24.4231],[118.2819,24.4104],[118.2995,24.3924],[118.3331,24.3837],[118.3507,24.4123],[118.3723,24.4264],[118.4053,24.4281],[118.4324,24.4189],[118.437,24.411],[118.4307,24.4036],[118.4577,24.4123],[118.4698,24.4253],[118.4656,24.4342],[118.477,24.4375],[118.479,24.448],[118.4675,24.4593],[118.4735,24.4773],[118.4629,24.4785],[118.4549,24.5044],[118.4385,24.5077],[118.4305,24.5213],[118.4146,24.5267],[118.4125,24.5143]]],[[[119.471,25.1971],[119.5085,25.1819],[119.5094,25.1709],[119.5236,25.1581],[119.5545,25.1644],[119.5477,25.1812],[119.5557,25.1832],[119.5546,25.1931],[119.5709,25.1934],[119.5784,25.2048],[119.5182,25.208],[119.4992,25.2218],[119.4994,25.2403],[119.479,25.2435],[119.479,25.2577],[119.4715,25.2596],[119.4677,25.2463],[119.4517,25.2423],[119.4539,25.2366],[119.4392,25.2368],[119.4466,25.2225],[119.4441,25.2021],[119.471,25.1971]]],[[[120.4956,26.3719],[120.4867,26.369],[120.4848,26.3808],[120.4782,26.3811],[120.4729,26.3676],[120.4805,26.3729],[120.485,26.3554],[120.4979,26.3523],[120.5068,26.3645],[120.5139,26.3603],[120.5113,26.3706],[120.5011,26.3768],[120.4956,26.3719]]],[[[119.8998,25.5821],[119.9065,25.601],[119.8975,25.6069],[119.8825,25.5986],[119.8759,25.6062],[119.8766,25.5872],[119.8998,25.5821]]],[[[120.7133,26.9883],[120.7127,26.9746],[120.7205,26.9747],[120.7256,26.9905],[120.7133,26.9883]]],[[[120.6944,27.0029],[120.695,26.9933],[120.7081,27.007],[120.6944,27.0029]]],[[[120.2495,26.9341],[120.2477,26.9141],[120.2652,26.9168],[120.2678,26.9255],[120.2583,26.9245],[120.2698,26.9355],[120.2495,26.9341]]],[[[119.5799,25.6271],[119.6011,25.641],[119.6132,25.6685],[119.5808,25.6499],[119.5725,25.6339],[119.5679,25.6461],[119.5607,25.635],[119.5799,25.6271]]],[[[120.0063,26.2152],[120.0163,26.2085],[120.0201,26.2257],[120.0009,26.2362],[119.9707,26.2172],[119.9696,26.1911],[119.9784,26.1935],[119.9807,26.2084],[120.0063,26.2152]]],[[[119.9675,25.9454],[119.993,25.9647],[119.9765,25.9648],[119.9675,25.9454]]],[[[120.3182,26.9307],[120.3241,26.9344],[120.3089,26.9391],[120.2839,26.9301],[120.3146,26.9227],[120.3182,26.9307]]],[[[119.8076,26.6735],[119.8134,26.6653],[119.8273,26.6744],[119.7976,26.6837],[119.8076,26.6735]]],[[[119.7051,25.3528],[119.7359,25.3625],[119.7245,25.3787],[119.6978,25.367],[119.7051,25.3528]]],[[[119.6943,25.3039],[119.6963,25.3109],[119.7122,25.3145],[119.6992,25.3278],[119.7029,25.3421],[119.6872,25.3253],[119.6881,25.3067],[119.6943,25.3039]]],[[[118.2304,24.4013],[118.27,24.4214],[118.2734,24.4411],[118.2557,24.4519],[118.2339,24.4458],[118.2179,24.4056],[118.2304,24.4013]]],[[[120.3509,26.6407],[120.3691,26.6348],[120.3555,26.6473],[120.3509,26.6407]]],[[[119.9068,26.6898],[119.9047,26.6823],[119.9256,26.675],[119.9268,26.6646],[119.9467,26.6598],[119.9392,26.6706],[119.9508,26.6925],[119.9068,26.6898]]],[[[117.7115,23.7727],[117.7176,23.7696],[117.7244,23.7759],[117.7082,23.7792],[117.7115,23.7727]]],[[[117.6837,23.7846],[117.6928,23.7749],[117.6903,23.7839],[117.6837,23.7846]]],[[[118.2045,24.5048],[118.2016,24.5256],[118.1917,24.5368],[118.1556,24.5478],[118.1426,24.5616],[118.1117,24.5553],[118.0891,24.5325],[118.0704,24.4552],[118.0889,24.4313],[118.1432,24.4208],[118.1989,24.4683],[118.2068,24.4815],[118.2045,24.5048]]],[[[119.9295,26.1343],[119.96,26.1472],[119.9701,26.1628],[119.9508,26.1637],[119.9457,26.1561],[119.9288,26.1603],[119.933,26.1688],[119.9183,26.1696],[119.913,26.1402],[119.9295,26.1343]]],[[[119.6429,26.1293],[119.6549,26.1326],[119.6572,26.1521],[119.6273,26.1731],[119.6071,26.1697],[119.6054,26.1548],[119.6186,26.139],[119.6429,26.1293]]],[[[119.884,26.411],[119.8929,26.4148],[119.8859,26.4199],[119.884,26.411]]],[[[119.8013,26.5675],[119.814,26.5604],[119.8169,26.5727],[119.8013,26.5675]]],[[[118.1511,24.3184],[118.1564,24.3315],[118.1463,24.3391],[118.1511,24.3184]]],[[[119.474,25.3313],[119.4881,25.3297],[119.4892,25.3514],[119.4716,25.3452],[119.4658,25.3338],[119.474,25.3313]]],[[[120.3486,26.7015],[120.3503,26.6903],[120.372,26.6993],[120.3593,26.7089],[120.3486,26.7015]]],[[[120.0344,26.4888],[120.062,26.4945],[120.0716,26.5213],[120.0361,26.5159],[120.0264,26.4975],[120.0344,26.4888]]],[[[120.1501,26.5556],[120.1484,26.5516],[120.1647,26.5548],[120.157,26.5624],[120.1501,26.5556]]],[[[119.6624,25.6466],[119.6736,25.6326],[119.7219,25.6398],[119.7169,25.6648],[119.6826,25.65],[119.6756,25.6587],[119.6624,25.6466]]],[[[120.1374,26.6842],[120.14,26.6919],[120.1251,26.6965],[120.1247,26.6889],[120.1374,26.6842]]],[[[120.1327,26.5304],[120.1536,26.5331],[120.1471,26.5444],[120.1327,26.5304]]],[[[119.6733,25.7567],[119.6831,25.7627],[119.6724,25.7659],[119.6733,25.7567]]],[[[119.58,25.2639],[119.5775,25.2699],[119.5709,25.2593],[119.58,25.2639]]],[[[119.6762,26.1244],[119.6842,26.1409],[119.6622,26.1339],[119.6773,26.1133],[119.6762,26.1244]]],[[[119.3718,25.1149],[119.3779,25.1202],[119.3696,25.1289],[119.3668,25.1181],[119.3718,25.1149]]],[[[120.3736,26.9596],[120.3772,26.9525],[120.3921,26.9588],[120.3736,26.9596]]],[[[119.0044,25.182],[119.001,25.1859],[118.9942,25.1726],[119.0044,25.182]]],[[[120.003,26.5443],[119.9977,26.5337],[120.0113,26.5426],[120.0019,26.552],[120.003,26.5443]]],[[[119.7609,26.6133],[119.7765,26.5998],[119.7978,26.6114],[119.8115,26.6088],[119.8188,26.621],[119.7989,26.6312],[119.7603,26.6209],[119.7609,26.6133]]],[[[119.5171,25.2648],[119.5305,25.2658],[119.5254,25.2785],[119.5186,25.2792],[119.5123,25.2669],[119.5171,25.2648]]],[[[119.7573,25.2985],[119.7644,25.2896],[119.7676,25.2988],[119.7573,25.2985]]],[[[119.9158,26.4182],[119.907,26.407],[119.9189,26.4094],[119.9158,26.4182]]],[[[119.9992,26.2397],[120.0113,26.2475],[120.0026,26.2467],[119.9992,26.2397]]],[[[119.0283,25.0297],[119.0368,25.0315],[119.027,25.0405],[119.0283,25.0297]]],[[[117.6695,23.7905],[117.6767,23.7883],[117.6713,23.8034],[117.6695,23.7905]]],[[[119.9371,25.9638],[119.9533,25.9762],[119.9302,25.9786],[119.9371,25.9638]]],[[[119.0483,25.1015],[119.0496,25.0947],[119.0582,25.1026],[119.0483,25.1015]]],[[[119.6396,25.672],[119.6413,25.6675],[119.6596,25.6801],[119.6435,25.6772],[119.6396,25.672]]],[[[119.5921,25.1873],[119.6022,25.1876],[119.5952,25.1948],[119.5921,25.1873]]],[[[119.3904,25.4351],[119.399,25.4366],[119.3965,25.4435],[119.3904,25.4351]]],[[[118.3788,24.5555],[118.3837,24.5516],[118.3949,24.5544],[118.3854,24.5601],[118.3788,24.5555]]],[[[119.3422,25.312],[119.3494,25.3187],[119.3452,25.3238],[119.338,25.3164],[119.3422,25.312]]],[[[118.0713,24.4352],[118.0749,24.4469],[118.0618,24.4532],[118.0565,24.4451],[118.0713,24.4352]]],[[[119.7968,26.6002],[119.8079,26.6004],[119.8013,26.6061],[119.7968,26.6002]]],[[[120.4039,27.0961],[120.4213,27.0974],[120.4252,27.1045],[120.4132,27.1032],[120.4039,27.0961]]],[[[120.1359,26.551],[120.1504,26.5602],[120.1507,26.5687],[120.167,26.5715],[120.1711,26.5989],[120.1629,26.6056],[120.1508,26.6026],[120.1179,26.5691],[120.1359,26.551]]],[[[120.2196,26.8722],[120.2289,26.8765],[120.2247,26.8871],[120.2148,26.8783],[120.2196,26.8722]]],[[[119.5789,25.2485],[119.5875,25.2413],[119.5849,25.2509],[119.5789,25.2485]]],[[[120.1337,26.4896],[120.1349,26.4833],[120.1461,26.4899],[120.1439,26.4979],[120.1337,26.4896]]],[[[119.6365,26.1147],[119.6444,26.1091],[119.648,26.1181],[119.6366,26.1199],[119.6365,26.1147]]],[[[119.9871,26.2626],[119.995,26.2659],[119.9939,26.2804],[119.982,26.2678],[119.9871,26.2626]]],[[[120.2215,26.332],[120.2344,26.3416],[120.2238,26.3387],[120.2215,26.332]]],[[[119.6493,25.665],[119.6477,25.6548],[119.6723,25.6614],[119.6612,25.673],[119.6493,25.665]]],[[[120.3606,26.9169],[120.3956,26.9264],[120.3944,26.9339],[120.3805,26.9403],[120.3705,26.9619],[120.339,26.9704],[120.3209,26.9561],[120.3223,26.9402],[120.3606,26.9169]]],[[[120.1415,26.7989],[120.1611,26.7879],[120.1618,26.8034],[120.1415,26.7989]]],[[[119.6682,26.6285],[119.7207,26.6361],[119.7588,26.6595],[119.7628,26.675],[119.749,26.6811],[119.7129,26.6685],[119.6662,26.6795],[119.6519,26.6489],[119.6682,26.6285]]],[[[119.5798,25.6684],[119.5823,25.6616],[119.5909,25.6741],[119.5798,25.6684]]],[[[119.0181,25.1733],[119.027,25.1715],[119.0326,25.1894],[119.0155,25.1823],[119.0181,25.1733]]],[[[119.778,26.6761],[119.7887,26.6804],[119.7915,26.6885],[119.7778,26.6851],[119.778,26.6761]]],[[[119.3681,25.3265],[119.3771,25.3275],[119.3628,25.3343],[119.3681,25.3265]]],[[[119.4611,24.9823],[119.4595,24.9922],[119.4499,24.9948],[119.4611,24.9823]]]]}},{"type":"Feature","properties":{"regionId":"guangdong"},"geometry":{"type":"MultiPolygon","coordinates":[[[[113.0872,22.1261],[113.0921,22.0653],[113.1016,22.0483],[113.1431,22.0118],[113.1515,21.9799],[113.1821,21.953],[113.2181,21.905],[113.2668,21.8716],[113.3199,21.9097],[113.3302,21.9616],[113.3377,21.969],[113.4103,21.9909],[113.4422,22.0095],[113.4598,22.0437],[113.4827,22.0547],[113.5038,22.0547],[113.5307,22.0736],[113.5658,22.0727],[113.5658,22.0917],[113.554,22.1039],[113.5546,22.1424],[113.5346,22.1741],[113.5382,22.2094],[113.5589,22.2124],[113.5688,22.2247],[113.5899,22.2268],[113.5972,22.235],[113.5998,22.2611],[113.5922,22.2681],[113.5901,22.2939],[113.6169,22.3189],[113.6048,22.3399],[113.6281,22.3493],[113.6694,22.4163],[113.6699,22.4356],[113.6248,22.443],[113.6038,22.4034],[113.586,22.4004],[113.5687,22.4119],[113.6101,22.4457],[113.6315,22.476],[113.6684,22.4804],[113.6921,22.5151],[113.7281,22.522],[113.7405,22.5343],[113.7169,22.6452],[113.6782,22.7261],[113.6977,22.7374],[113.7337,22.7364],[113.746,22.7261],[113.7823,22.6257],[113.8034,22.5932],[113.8322,22.5702],[113.8384,22.5593],[113.8347,22.5396],[113.8566,22.5396],[113.864,22.516],[113.8628,22.4759],[113.87,22.4596],[113.8918,22.4426],[113.9469,22.4773],[113.9591,22.5049],[113.9765,22.5106],[114.024,22.5098],[114.0547,22.4996],[114.0646,22.5106],[114.0816,22.5124],[114.0941,22.5336],[114.1172,22.5269],[114.1351,22.5389],[114.1535,22.5393],[114.1656,22.5589],[114.2233,22.5527],[114.2326,22.54],[114.2589,22.5588],[114.3048,22.5687],[114.3253,22.5886],[114.3983,22.6028],[114.4226,22.5927],[114.4347,22.5666],[114.4676,22.5334],[114.4744,22.4645],[114.4899,22.4436],[114.5069,22.4386],[114.5393,22.4492],[114.5492,22.4657],[114.6114,22.482],[114.6278,22.503],[114.6145,22.5452],[114.5896,22.5498],[114.5597,22.5732],[114.5591,22.5833],[114.6031,22.6387],[114.6029,22.6553],[114.5803,22.6615],[114.5152,22.6555],[114.5145,22.6607],[114.5584,22.6828],[114.6082,22.6956],[114.6045,22.7132],[114.5942,22.7212],[114.6017,22.7307],[114.686,22.7652],[114.6955,22.7842],[114.7096,22.7877],[114.7524,22.7597],[114.7339,22.7193],[114.7385,22.686],[114.7286,22.6513],[114.7409,22.6385],[114.739,22.6064],[114.7474,22.5816],[114.8752,22.5904],[114.8855,22.5692],[114.8836,22.5402],[114.9253,22.5516],[114.9242,22.6109],[114.9377,22.6374],[115.0085,22.6981],[115.0391,22.7108],[115.0237,22.7262],[115.0238,22.7365],[115.0535,22.7475],[115.0551,22.7784],[115.1545,22.8016],[115.1739,22.7754],[115.1884,22.7727],[115.1943,22.7755],[115.1933,22.7914],[115.1841,22.8006],[115.1902,22.8186],[115.1986,22.8219],[115.2279,22.8253],[115.2595,22.8174],[115.2333,22.8017],[115.229,22.7822],[115.2358,22.7756],[115.3103,22.7841],[115.338,22.7767],[115.3465,22.743],[115.3418,22.7252],[115.3814,22.684],[115.4291,22.6838],[115.4415,22.6943],[115.4717,22.6978],[115.5378,22.6629],[115.5567,22.6652],[115.5742,22.6505],[115.5819,22.6732],[115.5654,22.6855],[115.5678,22.6963],[115.5891,22.7243],[115.6076,22.7315],[115.6091,22.7528],[115.5881,22.745],[115.5417,22.7555],[115.5704,22.7865],[115.5837,22.8286],[115.6324,22.86],[115.6826,22.8639],[115.6963,22.8428],[115.7559,22.8373],[115.7948,22.7989],[115.7942,22.7448],[115.8187,22.7314],[115.8834,22.7853],[115.9095,22.7871],[115.9295,22.8016],[115.9595,22.7962],[115.9973,22.8269],[116.0389,22.8408],[116.0705,22.8436],[116.0882,22.8216],[116.1069,22.8179],[116.1767,22.8606],[116.2269,22.9145],[116.3028,22.9515],[116.3174,22.9528],[116.3826,22.9192],[116.4502,22.9368],[116.5056,22.9309],[116.516,22.939],[116.541,22.9946],[116.5631,23.0007],[116.576,23.0171],[116.5632,23.0258],[116.5574,23.0562],[116.5658,23.0832],[116.5526,23.1059],[116.5664,23.1343],[116.6653,23.1582],[116.7248,23.2144],[116.7447,23.215],[116.7885,23.1993],[116.8147,23.2076],[116.8235,23.2304],[116.8166,23.243],[116.7999,23.2442],[116.7828,23.3138],[116.8065,23.348],[116.833,23.3658],[116.8585,23.408],[116.8719,23.4146],[116.8734,23.4451],[116.8962,23.4762],[116.8852,23.4787],[116.8992,23.5189],[116.917,23.5317],[116.9634,23.507],[117.0102,23.5027],[117.0448,23.5397],[117.0996,23.5376],[117.1929,23.5617],[117.1926,23.6296],[117.1594,23.6401],[117.1475,23.6538],[117.1249,23.6461],[117.1155,23.6653],[117.0879,23.6693],[117.0741,23.691],[117.0532,23.6984],[117.0478,23.7587],[117.02,23.8007],[117.0184,23.8122],[117.0268,23.8199],[117.0224,23.8388],[117.0121,23.8553],[116.962,23.8614],[116.96,23.8682],[116.9755,23.8723],[116.9793,23.8844],[116.9588,23.9007],[116.9547,23.9204],[116.9733,23.9271],[116.9802,23.9411],[116.9826,23.9593],[116.9731,23.9742],[116.9813,23.9967],[116.9699,24.0074],[116.9544,24.006],[116.9551,24.0203],[116.9398,24.033],[116.9524,24.0547],[116.937,24.0546],[116.9298,24.0655],[116.9266,24.0986],[116.9349,24.1269],[116.9987,24.179],[116.9561,24.217],[116.9334,24.2223],[116.9394,24.2746],[116.9359,24.2847],[116.9143,24.2877],[116.913,24.3115],[116.9196,24.321],[116.8961,24.3507],[116.9039,24.3699],[116.8852,24.3962],[116.8733,24.3911],[116.8694,24.4072],[116.8389,24.4426],[116.8415,24.4534],[116.8534,24.4531],[116.8608,24.4623],[116.8323,24.4961],[116.8143,24.4838],[116.8168,24.4904],[116.7833,24.5183],[116.7811,24.5337],[116.7583,24.5466],[116.7573,24.5575],[116.7678,24.5642],[116.7612,24.5829],[116.7989,24.624],[116.7986,24.6371],[116.8153,24.6546],[116.8012,24.6783],[116.7776,24.6795],[116.7538,24.6545],[116.7419,24.6666],[116.7073,24.6651],[116.7005,24.6557],[116.667,24.6586],[116.6352,24.6477],[116.6321,24.6401],[116.5965,24.6541],[116.5705,24.6218],[116.5301,24.6049],[116.5105,24.6156],[116.5177,24.6515],[116.505,24.667],[116.5015,24.6983],[116.4869,24.7186],[116.4461,24.7145],[116.4374,24.7336],[116.4172,24.7431],[116.4191,24.7673],[116.3997,24.794],[116.3894,24.7904],[116.3749,24.8072],[116.3779,24.8218],[116.4178,24.8407],[116.3939,24.8569],[116.3948,24.8779],[116.3618,24.8699],[116.3498,24.8567],[116.3458,24.8291],[116.3,24.8029],[116.2513,24.7934],[116.233,24.8007],[116.2501,24.8279],[116.2212,24.8308],[116.2205,24.8426],[116.2009,24.858],[116.1917,24.8771],[116.181,24.8751],[116.1533,24.8467],[116.0949,24.8492],[116.0906,24.8382],[116.0832,24.8535],[116.0689,24.85],[116.0516,24.862],[116.0234,24.9022],[115.9856,24.8997],[115.9767,24.916],[115.9084,24.9233],[115.8973,24.9371],[115.8784,24.9326],[115.8854,24.8988],[115.907,24.8802],[115.8935,24.8711],[115.8599,24.8648],[115.8656,24.8904],[115.8316,24.9082],[115.8197,24.9068],[115.8092,24.8929],[115.8072,24.8628],[115.7826,24.8629],[115.7911,24.8551],[115.7856,24.8461],[115.7918,24.8387],[115.7808,24.8351],[115.7654,24.7938],[115.7767,24.7745],[115.7571,24.7499],[115.7574,24.7362],[115.7716,24.7263],[115.7692,24.7099],[115.7809,24.7021],[115.8012,24.7057],[115.808,24.6976],[115.7983,24.6749],[115.7796,24.6773],[115.7618,24.6681],[115.7802,24.6632],[115.7895,24.6449],[115.7867,24.6342],[115.841,24.584],[115.8489,24.57],[115.8441,24.5627],[115.7851,24.5673],[115.7439,24.5437],[115.718,24.5397],[115.6861,24.547],[115.6783,24.5649],[115.6871,24.5706],[115.6852,24.5854],[115.6717,24.6047],[115.6087,24.6261],[115.5942,24.6152],[115.5707,24.6193],[115.5595,24.643],[115.5562,24.6827],[115.5231,24.703],[115.5237,24.7175],[115.5079,24.7165],[115.4965,24.7341],[115.5001,24.7411],[115.4829,24.7497],[115.4787,24.7611],[115.451,24.7663],[115.4129,24.7929],[115.4013,24.7904],[115.3895,24.7744],[115.3726,24.7744],[115.3585,24.7352],[115.3067,24.7587],[115.2785,24.7541],[115.2589,24.7288],[115.2246,24.7264],[115.1843,24.7114],[115.1951,24.6919],[115.1689,24.6951],[115.1256,24.6815],[115.1207,24.6644],[115.1049,24.6678],[115.0833,24.7005],[115.0594,24.7027],[115.0549,24.7099],[115.0467,24.6888],[115.0249,24.6691],[115.0039,24.6792],[114.9374,24.6519],[114.9368,24.6654],[114.9196,24.6671],[114.9096,24.6615],[114.8933,24.5824],[114.8691,24.5624],[114.8543,24.5825],[114.8592,24.5973],[114.8467,24.6025],[114.8264,24.5883],[114.8042,24.6054],[114.796,24.6022],[114.7812,24.613],[114.769,24.6058],[114.7527,24.6163],[114.7299,24.6089],[114.7381,24.5651],[114.7267,24.5498],[114.7187,24.5541],[114.7052,24.5261],[114.6999,24.5371],[114.6865,24.5386],[114.6652,24.5837],[114.6386,24.5704],[114.6243,24.5757],[114.5925,24.538],[114.5467,24.5428],[114.5341,24.559],[114.5007,24.5342],[114.4811,24.53],[114.4699,24.5107],[114.4288,24.4863],[114.411,24.5026],[114.402,24.4985],[114.4063,24.518],[114.4034,24.5287],[114.3908,24.5335],[114.3917,24.5635],[114.3797,24.5634],[114.3639,24.5825],[114.3081,24.5741],[114.2911,24.6002],[114.2897,24.6188],[114.2585,24.6415],[114.2316,24.6404],[114.2071,24.654],[114.1746,24.6456],[114.1759,24.659],[114.1815,24.6533],[114.1898,24.658],[114.169,24.6897],[114.1916,24.6942],[114.2104,24.6885],[114.2308,24.6978],[114.2725,24.7004],[114.2844,24.7274],[114.3358,24.7491],[114.3419,24.7637],[114.3339,24.7799],[114.3441,24.7896],[114.3424,24.8074],[114.3575,24.8187],[114.3566,24.829],[114.3779,24.8608],[114.403,24.8776],[114.4049,24.8926],[114.3908,24.9131],[114.4022,24.9284],[114.3959,24.9511],[114.4256,24.9593],[114.4236,24.9726],[114.4567,24.9785],[114.4567,24.9972],[114.4799,25.0058],[114.5062,25.0001],[114.5169,25.0246],[114.5327,25.0229],[114.5397,25.0316],[114.5411,25.0497],[114.5616,25.0776],[114.585,25.0787],[114.5984,25.0711],[114.6047,25.0837],[114.6087,25.0759],[114.6401,25.0739],[114.6657,25.0911],[114.6651,25.1012],[114.6939,25.1044],[114.7356,25.122],[114.735,25.1558],[114.6857,25.1732],[114.6903,25.1798],[114.6801,25.1931],[114.6952,25.1952],[114.6939,25.2136],[114.7022,25.2212],[114.7263,25.2331],[114.7407,25.2262],[114.7484,25.2352],[114.7383,25.232],[114.7384,25.2401],[114.7493,25.2426],[114.7429,25.2745],[114.724,25.284],[114.7144,25.3154],[114.6923,25.3221],[114.6857,25.3137],[114.6648,25.3268],[114.6365,25.3245],[114.6276,25.3306],[114.6115,25.3583],[114.5995,25.3594],[114.5997,25.3859],[114.5862,25.3959],[114.581,25.384],[114.573,25.3845],[114.5791,25.3976],[114.5404,25.417],[114.5059,25.3987],[114.5089,25.3847],[114.497,25.3776],[114.4777,25.3715],[114.4587,25.3878],[114.448,25.3865],[114.4301,25.3439],[114.3829,25.3171],[114.3148,25.3386],[114.3062,25.3341],[114.3048,25.3147],[114.3124,25.3118],[114.2957,25.2998],[114.3029,25.2908],[114.2929,25.2892],[114.2873,25.2997],[114.271,25.3021],[114.257,25.2927],[114.2047,25.2996],[114.205,25.3103],[114.1941,25.3174],[114.1736,25.3051],[114.1585,25.3136],[114.1472,25.3053],[114.1313,25.3084],[114.0835,25.2755],[114.0559,25.2777],[114.0399,25.2507],[114.0291,25.2542],[114.0314,25.2637],[114.0146,25.2805],[114.0276,25.3018],[114.0562,25.3119],[114.0293,25.3283],[114.0368,25.3427],[114.0491,25.3419],[114.0514,25.3488],[114.0414,25.3607],[114.0479,25.3673],[114.0244,25.374],[114.0451,25.384],[114.0406,25.3912],[114.0108,25.3864],[114.0057,25.3967],[113.9877,25.4035],[113.9833,25.4153],[114.003,25.4328],[113.9979,25.4442],[113.9619,25.4526],[113.9351,25.4375],[113.9134,25.4428],[113.8869,25.4366],[113.8845,25.4203],[113.8921,25.4119],[113.8818,25.4069],[113.8769,25.3803],[113.8397,25.3635],[113.8328,25.3439],[113.815,25.3287],[113.7581,25.33],[113.7642,25.3336],[113.7541,25.3612],[113.744,25.3639],[113.7345,25.3489],[113.7252,25.3586],[113.7065,25.3609],[113.7079,25.3526],[113.6871,25.3521],[113.6791,25.3345],[113.6107,25.327],[113.586,25.3074],[113.5815,25.3427],[113.5546,25.3519],[113.5443,25.3666],[113.5361,25.3685],[113.5243,25.3536],[113.5151,25.3607],[113.5184,25.3706],[113.5041,25.375],[113.4801,25.3752],[113.4702,25.3657],[113.4624,25.3698],[113.4423,25.3613],[113.4277,25.3733],[113.4241,25.3927],[113.407,25.4014],[113.3733,25.4026],[113.3598,25.4384],[113.3401,25.4499],[113.3139,25.4429],[113.3114,25.4904],[113.2968,25.5084],[113.3033,25.5158],[113.2935,25.5168],[113.2918,25.5009],[113.2827,25.4942],[113.2694,25.5053],[113.2608,25.4995],[113.2491,25.5141],[113.2262,25.5097],[113.2008,25.4794],[113.177,25.4716],[113.1693,25.488],[113.152,25.4922],[113.15,25.468],[113.1346,25.4677],[113.1223,25.4557],[113.1279,25.4497],[113.1185,25.4455],[113.1315,25.4147],[113.0924,25.4175],[113.0969,25.4107],[113.0802,25.3834],[113.0298,25.3612],[113.0237,25.3459],[113.0092,25.3529],[112.9681,25.3498],[112.9451,25.3264],[112.9318,25.3228],[112.9278,25.2999],[112.9132,25.2999],[112.9006,25.3114],[112.8949,25.3376],[112.8687,25.3278],[112.8518,25.3334],[112.8588,25.3202],[112.8564,25.2916],[112.8739,25.2743],[112.8684,25.2488],[112.9045,25.2384],[112.924,25.2487],[112.9519,25.2457],[112.9584,25.2544],[112.9926,25.2472],[113.0177,25.2112],[113.0298,25.2105],[113.0345,25.2014],[112.9743,25.1682],[112.968,25.1416],[113.0045,25.0892],[113.0184,25.0831],[113.002,25.0711],[113.0024,25.0582],[112.9785,25.0265],[112.992,25.0179],[112.9905,24.9954],[113.01,24.9774],[113.0028,24.9571],[113.0119,24.9461],[112.9917,24.9375],[112.9948,24.9273],[112.9845,24.9212],[112.9592,24.9235],[112.9418,24.9159],[112.9044,24.9218],[112.8735,24.8967],[112.8044,24.8907],[112.7808,24.8973],[112.7844,24.9386],[112.7735,24.95],[112.7463,24.9565],[112.7418,24.9986],[112.7152,25.026],[112.7156,25.0784],[112.6689,25.114],[112.6598,25.1328],[112.6282,25.1406],[112.5965,25.1263],[112.5626,25.1245],[112.5077,25.1367],[112.5026,25.1446],[112.4583,25.1521],[112.4548,25.1735],[112.443,25.1856],[112.4134,25.1413],[112.3995,25.1407],[112.3874,25.1522],[112.3931,25.1602],[112.3648,25.1917],[112.3299,25.1738],[112.3136,25.1739],[112.3025,25.1572],[112.282,25.1647],[112.2561,25.1594],[112.2466,25.185],[112.1873,25.1831],[112.1932,25.1722],[112.1742,25.1295],[112.1771,25.1074],[112.1522,25.0559],[112.1489,25.0354],[112.1557,25.027],[112.1346,24.9958],[112.1227,24.9905],[112.1201,24.9637],[112.1421,24.938],[112.1752,24.9275],[112.1657,24.8672],[112.1711,24.8627],[112.1495,24.8369],[112.1414,24.8445],[112.124,24.8411],[112.0972,24.8264],[112.0838,24.8048],[112.0592,24.7995],[112.0338,24.7712],[112.0305,24.7451],[112.0139,24.7315],[111.9613,24.7212],[111.9528,24.6963],[111.9397,24.6866],[111.9392,24.6695],[111.9535,24.6472],[111.9343,24.6419],[111.9275,24.6294],[111.9384,24.6095],[111.9371,24.5958],[111.972,24.5786],[111.9783,24.5614],[111.9978,24.5512],[112.0074,24.5345],[112.0097,24.5029],[111.9871,24.4809],[111.9866,24.4645],[112.0232,24.4415],[112.0421,24.4103],[112.0436,24.3927],[112.0577,24.3871],[112.0618,24.3682],[112.0594,24.3397],[112.0332,24.3134],[112.0261,24.2951],[111.9904,24.2798],[111.988,24.259],[111.9561,24.2603],[111.9407,24.2452],[111.9426,24.2349],[111.9208,24.2335],[111.9128,24.2217],[111.8779,24.2289],[111.8712,24.1766],[111.8879,24.1547],[111.8787,24.1101],[111.9058,24.0468],[111.921,24.0374],[111.9215,24.012],[111.9403,23.9877],[111.9176,23.9523],[111.9102,23.9522],[111.912,23.944],[111.8867,23.9443],[111.879,23.9362],[111.8544,23.9474],[111.8577,23.9183],[111.8459,23.9044],[111.8229,23.9112],[111.8127,23.8875],[111.8238,23.8718],[111.8248,23.8323],[111.8153,23.8291],[111.8106,23.807],[111.7962,23.8157],[111.7916,23.8092],[111.7524,23.8127],[111.746,23.8208],[111.7197,23.8258],[111.7146,23.8372],[111.6969,23.8359],[111.6935,23.8173],[111.6645,23.8349],[111.6549,23.8333],[111.6392,23.7866],[111.628,23.7886],[111.6294,23.7364],[111.6183,23.7348],[111.6216,23.726],[111.6667,23.7189],[111.6653,23.7],[111.6432,23.6961],[111.6371,23.6783],[111.6256,23.6765],[111.6148,23.6588],[111.6156,23.639],[111.5944,23.6435],[111.5886,23.6381],[111.5843,23.6447],[111.5643,23.6332],[111.5511,23.6405],[111.5384,23.6309],[111.487,23.6266],[111.489,23.5613],[111.4819,23.5589],[111.4802,23.5326],[111.4289,23.4666],[111.3997,23.4694],[111.3834,23.3997],[111.3921,23.3911],[111.3892,23.376],[111.378,23.3696],[111.362,23.3303],[111.3765,23.3046],[111.3534,23.289],[111.3496,23.2728],[111.3512,23.266],[111.3611,23.2706],[111.3719,23.2643],[111.3658,23.2369],[111.3889,23.2102],[111.3843,23.1677],[111.3925,23.1696],[111.3987,23.1598],[111.366,23.1447],[111.3766,23.142],[111.38,23.1232],[111.3742,23.0925],[111.3947,23.0681],[111.4345,23.0716],[111.4272,23.0606],[111.434,23.0362],[111.4161,23.0257],[111.414,23.0161],[111.3896,23.0056],[111.4037,22.9912],[111.3972,22.9813],[111.3636,22.9686],[111.3755,22.9265],[111.362,22.91],[111.3587,22.8892],[111.3036,22.844],[111.2876,22.8161],[111.2916,22.8078],[111.2728,22.7989],[111.2721,22.7907],[111.2569,22.7938],[111.2411,22.7813],[111.239,22.7688],[111.2185,22.7481],[111.2046,22.7501],[111.2021,22.7405],[111.1762,22.7363],[111.0992,22.7418],[111.0854,22.7297],[111.0605,22.7315],[111.0897,22.6943],[111.074,22.6672],[111.0621,22.6662],[111.0556,22.6485],[111.028,22.6516],[110.9971,22.6313],[110.9874,22.6402],[110.959,22.6365],[110.9577,22.6167],[110.9413,22.6081],[110.8959,22.6135],[110.8979,22.592],[110.8873,22.5835],[110.8332,22.5849],[110.8155,22.5781],[110.7992,22.5568],[110.7787,22.5854],[110.7602,22.5808],[110.7645,22.5659],[110.7481,22.5548],[110.7569,22.5484],[110.7608,22.5168],[110.7505,22.517],[110.7404,22.4988],[110.7478,22.4761],[110.7414,22.4643],[110.7259,22.4612],[110.6882,22.4778],[110.6835,22.4734],[110.6935,22.4483],[110.7133,22.4375],[110.7069,22.4054],[110.7115,22.3696],[110.7238,22.3599],[110.7294,22.3664],[110.7413,22.362],[110.7494,22.3298],[110.7732,22.3074],[110.7726,22.2956],[110.7856,22.2946],[110.7897,22.2867],[110.7587,22.2747],[110.721,22.2941],[110.712,22.2778],[110.6954,22.2723],[110.686,22.2485],[110.6535,22.2382],[110.6469,22.223],[110.6528,22.2077],[110.6753,22.1884],[110.6789,22.1727],[110.6291,22.1491],[110.5984,22.1634],[110.6025,22.1834],[110.5603,22.1964],[110.5293,22.1644],[110.5294,22.1545],[110.4894,22.1446],[110.4834,22.1505],[110.4901,22.1552],[110.4308,22.2062],[110.4146,22.2086],[110.4107,22.1902],[110.3993,22.1874],[110.391,22.179],[110.3935,22.1705],[110.3811,22.1642],[110.3485,22.1959],[110.3261,22.1644],[110.3266,22.1527],[110.3646,22.1252],[110.3657,22.0987],[110.3508,22.097],[110.3589,22.0759],[110.3517,22.0744],[110.3555,22.0616],[110.3477,22.039],[110.3635,22.0058],[110.3563,22.0074],[110.3599,21.9939],[110.353,21.9766],[110.3768,21.9678],[110.3911,21.9503],[110.373,21.9333],[110.3843,21.9306],[110.3959,21.9126],[110.3876,21.8904],[110.3373,21.8878],[110.2904,21.918],[110.2837,21.8922],[110.2725,21.895],[110.236,21.8786],[110.1821,21.8997],[110.1509,21.8971],[110.1418,21.8818],[110.1335,21.8999],[110.1198,21.9017],[110.1079,21.8708],[110.1012,21.8703],[110.0972,21.8863],[110.082,21.8645],[110.0544,21.8568],[110.038,21.87],[109.9862,21.8791],[109.9787,21.8662],[109.9449,21.8468],[109.9534,21.8423],[109.9362,21.8128],[109.94,21.7681],[109.9313,21.7522],[109.9417,21.7367],[109.9226,21.7275],[109.9238,21.7044],[109.9154,21.7056],[109.9046,21.687],[109.9137,21.6838],[109.9068,21.6725],[109.9158,21.6688],[109.8983,21.6496],[109.8848,21.6481],[109.874,21.6581],[109.8446,21.6383],[109.8091,21.643],[109.8072,21.6289],[109.7952,21.6305],[109.7847,21.6382],[109.7779,21.6705],[109.7664,21.668],[109.7438,21.6011],[109.7545,21.5826],[109.7548,21.5563],[109.7729,21.5313],[109.7742,21.5076],[109.7884,21.4905],[109.7856,21.4569],[109.8192,21.4453],[109.8944,21.4423],[109.9047,21.4301],[109.8688,21.3658],[109.7707,21.3595],[109.7575,21.3468],[109.764,21.2263],[109.6675,21.1218],[109.6739,21.0683],[109.6549,20.9035],[109.6648,20.8623],[109.7117,20.7747],[109.7299,20.7197],[109.7451,20.6211],[109.7775,20.6225],[109.7933,20.6156],[109.8136,20.5747],[109.8121,20.5416],[109.8245,20.5029],[109.8399,20.4895],[109.8883,20.4754],[109.8969,20.4618],[109.8956,20.4275],[109.8866,20.4101],[109.8649,20.4017],[109.8612,20.3767],[109.9025,20.3395],[109.9158,20.3169],[109.9135,20.2194],[109.9292,20.2117],[109.9493,20.2167],[109.9863,20.2517],[110.0262,20.2574],[110.0826,20.2587],[110.118,20.2198],[110.1463,20.2176],[110.1922,20.2277],[110.2165,20.2505],[110.2583,20.2532],[110.2775,20.2489],[110.2857,20.2383],[110.2968,20.2492],[110.3275,20.2516],[110.3488,20.259],[110.3762,20.2886],[110.4364,20.2972],[110.5167,20.4044],[110.5458,20.4275],[110.5517,20.463],[110.5465,20.4808],[110.5229,20.5147],[110.4998,20.5724],[110.4869,20.6401],[110.4661,20.6803],[110.4113,20.6712],[110.3923,20.6829],[110.4074,20.7321],[110.4077,20.7644],[110.3937,20.8167],[110.3325,20.8484],[110.2915,20.8482],[110.269,20.8397],[110.2332,20.8585],[110.2097,20.8602],[110.1777,20.9071],[110.1807,20.9818],[110.205,21.0034],[110.2019,21.0293],[110.2112,21.0542],[110.218,21.0531],[110.217,21.0406],[110.2342,21.0143],[110.2477,21.0207],[110.2496,21.0453],[110.2969,21.0938],[110.349,21.106],[110.3769,21.1333],[110.3883,21.1258],[110.4012,21.1311],[110.4224,21.1907],[110.4511,21.1864],[110.4633,21.203],[110.5011,21.2175],[110.5347,21.2044],[110.6264,21.2157],[110.6596,21.2396],[110.7131,21.3126],[110.7686,21.3649],[110.7964,21.3748],[110.9073,21.3697],[111.0613,21.4492],[111.1714,21.4585],[111.2905,21.4842],[111.2956,21.4763],[111.2815,21.4582],[111.2818,21.4465],[111.2505,21.4496],[111.2635,21.4127],[111.3299,21.4468],[111.3958,21.5017],[111.4524,21.5152],[111.4758,21.5002],[111.495,21.5016],[111.5398,21.519],[111.5479,21.5026],[111.606,21.5294],[111.6504,21.5123],[111.6774,21.5298],[111.6764,21.5658],[111.6937,21.5903],[111.7587,21.6139],[111.8103,21.6045],[111.831,21.5828],[111.8137,21.5714],[111.8074,21.5591],[111.8128,21.555],[111.8468,21.5674],[111.8628,21.557],[111.9215,21.5995],[111.9417,21.6068],[111.9472,21.6004],[111.9725,21.6033],[111.9992,21.6179],[112.0062,21.6147],[112.025,21.6298],[112.0222,21.646],[112.0013,21.6559],[111.9722,21.6536],[111.9545,21.6677],[111.9497,21.6908],[111.956,21.7105],[112.0365,21.7614],[112.1365,21.7938],[112.1839,21.7964],[112.1962,21.7794],[112.197,21.7367],[112.2316,21.7296],[112.2401,21.7016],[112.2631,21.6935],[112.3533,21.7071],[112.4095,21.7284],[112.4274,21.7902],[112.4394,21.8037],[112.4777,21.7957],[112.5356,21.7541],[112.5988,21.7501],[112.6394,21.756],[112.8004,21.9248],[112.8409,21.9205],[112.8936,21.8443],[112.9445,21.8421],[112.9897,21.8696],[113.0378,21.9353],[113.0542,22.0038],[113.0323,22.0458],[113.0307,22.0665],[113.0872,22.1261]]],[[[117.1454,23.4561],[117.1276,23.4588],[117.1295,23.4833],[117.1092,23.4768],[117.0934,23.4594],[117.0645,23.4757],[117.0228,23.4368],[117.0013,23.4573],[116.9744,23.4571],[116.9447,23.44],[116.9451,23.4228],[117.0289,23.4148],[117.0299,23.4063],[117.0512,23.4008],[117.0791,23.409],[117.0987,23.4051],[117.1022,23.3936],[117.1141,23.3995],[117.1243,23.3897],[117.143,23.4004],[117.1368,23.4399],[117.1486,23.438],[117.1548,23.4451],[117.1454,23.4561]]],[[[112.7754,21.5641],[112.8173,21.5901],[112.7989,21.6109],[112.8054,21.6395],[112.8211,21.6537],[112.8054,21.6813],[112.8113,21.7037],[112.8329,21.7364],[112.8758,21.7504],[112.876,21.7727],[112.8408,21.7767],[112.8069,21.7693],[112.8001,21.7595],[112.7814,21.7683],[112.7764,21.7511],[112.7823,21.738],[112.7242,21.7197],[112.7079,21.6985],[112.7122,21.6881],[112.7054,21.6826],[112.7135,21.6733],[112.7345,21.6666],[112.7493,21.6714],[112.7546,21.6827],[112.7803,21.6715],[112.7761,21.6556],[112.7524,21.6499],[112.7309,21.6138],[112.7354,21.6025],[112.756,21.6119],[112.7535,21.5835],[112.767,21.5881],[112.7613,21.5737],[112.7754,21.5641]]],[[[112.531,21.5839],[112.5377,21.5913],[112.5624,21.5901],[112.5448,21.6006],[112.5686,21.6194],[112.5988,21.6064],[112.6215,21.6067],[112.6377,21.6327],[112.6598,21.6309],[112.6656,21.6425],[112.6399,21.6545],[112.6404,21.6737],[112.666,21.6839],[112.664,21.7138],[112.61,21.7027],[112.5923,21.693],[112.5892,21.6761],[112.5598,21.6655],[112.5705,21.6457],[112.5504,21.6337],[112.5443,21.6389],[112.5351,21.6285],[112.5242,21.5963],[112.531,21.5839]]],[[[114.6505,22.5739],[114.6589,22.5605],[114.6578,22.5756],[114.6381,22.5857],[114.6416,22.5728],[114.6505,22.5739]]],[[[114.0518,22.0863],[114.0561,22.0943],[114.0477,22.109],[114.027,22.1032],[114.0345,22.0913],[114.0518,22.0863]]],[[[114.231,22.0163],[114.3114,22.0414],[114.309,22.0486],[114.3236,22.0564],[114.323,22.0642],[114.3055,22.0605],[114.3028,22.0505],[114.2398,22.0355],[114.2226,22.0189],[114.231,22.0163]]],[[[113.7146,22.0074],[113.73,22.0164],[113.723,22.0287],[113.7026,22.0293],[113.6957,22.0216],[113.7146,22.0074]]],[[[110.545,21.0839],[110.5823,21.0948],[110.6042,21.1559],[110.6316,21.1909],[110.6324,21.2111],[110.5895,21.1945],[110.583,21.2017],[110.5571,21.2016],[110.5255,21.1905],[110.496,21.2121],[110.4829,21.201],[110.4651,21.1989],[110.4574,21.1849],[110.4338,21.1836],[110.4367,21.1668],[110.4512,21.1652],[110.4633,21.1496],[110.5108,21.1379],[110.5204,21.1145],[110.5305,21.1157],[110.5347,21.0885],[110.545,21.0839]]],[[[112.4354,21.6635],[112.4458,21.6491],[112.4563,21.6488],[112.4681,21.6669],[112.4661,21.6867],[112.4584,21.6901],[112.4354,21.6635]]],[[[110.5176,21.079],[110.4976,21.0761],[110.4789,21.0627],[110.4597,21.0629],[110.4139,21.0937],[110.3986,21.0963],[110.3525,21.0795],[110.3061,21.0881],[110.2758,21.0336],[110.2111,20.9869],[110.1985,20.9569],[110.2012,20.9384],[110.3095,20.9634],[110.3639,20.988],[110.4517,20.9884],[110.4729,20.9832],[110.4957,20.9501],[110.5019,20.9256],[110.5262,20.9163],[110.5358,20.923],[110.5392,20.9874],[110.5601,21.0614],[110.5176,21.079]]],[[[113.8244,22.0013],[113.8318,21.9889],[113.8423,21.9989],[113.8244,22.0013]]],[[[114.0099,21.8531],[114.0165,21.8631],[114.0316,21.8736],[114.0103,21.8637],[114.0099,21.8531]]],[[[112.1811,21.5459],[112.2048,21.5482],[112.191,21.5506],[112.1899,21.5583],[112.1808,21.5548],[112.1811,21.5459]]],[[[113.8151,22.1571],[113.8085,22.1742],[113.7996,22.1665],[113.8151,22.1571]]],[[[113.9993,22.0453],[114.0011,22.0359],[114.0054,22.0451],[113.9993,22.0453]]],[[[114.6289,22.4485],[114.6572,22.4624],[114.6203,22.4663],[114.6289,22.4485]]],[[[113.7652,21.962],[113.7787,21.9784],[113.7729,21.9988],[113.7424,21.9878],[113.7652,21.962]]],[[[114.0345,21.8861],[114.0493,21.8827],[114.0529,21.8933],[114.0636,21.8924],[114.0587,21.9023],[114.0345,21.8861]]],[[[113.7229,21.9222],[113.7435,21.9282],[113.7517,21.9407],[113.7431,21.9507],[113.718,21.9513],[113.7229,21.9222]]],[[[113.9194,22.037],[113.9378,22.0362],[113.923,22.0486],[113.9194,22.037]]],[[[113.1433,21.8317],[113.1599,21.8519],[113.1774,21.8548],[113.1797,21.8474],[113.1876,21.8484],[113.2058,21.8713],[113.1915,21.8723],[113.1809,21.8622],[113.1677,21.8766],[113.1512,21.865],[113.1447,21.8735],[113.137,21.8687],[113.1433,21.8317]]],[[[111.1847,21.371],[111.1948,21.3801],[111.1957,21.391],[111.1847,21.382],[111.1847,21.371]]],[[[113.877,22.1177],[113.8696,22.113],[113.8806,22.1075],[113.8843,22.1126],[113.877,22.1177]]],[[[113.82,22.3964],[113.8242,22.4044],[113.8112,22.4204],[113.7989,22.4225],[113.7867,22.4136],[113.82,22.3964]]],[[[113.8282,22.1179],[113.8396,22.131],[113.8285,22.1563],[113.818,22.1533],[113.8224,22.1365],[113.8164,22.1323],[113.8282,22.1179]]],[[[114.1899,21.9864],[114.2202,21.9898],[114.2238,22.0078],[114.1819,22.0109],[114.1808,21.9885],[114.1899,21.9864]]],[[[113.1654,21.9535],[113.1724,21.9411],[113.1721,21.9547],[113.1654,21.9535]]],[[[114.1539,21.9751],[114.168,21.9831],[114.1723,21.9998],[114.1526,22.0005],[114.1483,21.9909],[114.1242,21.9852],[114.1237,21.98],[114.1539,21.9751]]],[[[113.138,21.9192],[113.1252,21.8961],[113.1562,21.9196],[113.1505,21.9379],[113.136,21.9255],[113.138,21.9192]]],[[[112.6805,21.6982],[112.6901,21.6999],[112.6862,21.7137],[112.6799,21.7075],[112.6805,21.6982]]],[[[114.6099,22.6703],[114.6129,22.6617],[114.618,22.6695],[114.6099,22.6703]]],[[[113.6653,22.0392],[113.6665,22.0234],[113.6758,22.0294],[113.6714,22.0454],[113.6653,22.0392]]],[[[116.7696,20.7717],[116.7697,20.7582],[116.761,20.7503],[116.769,20.7439],[116.8809,20.7335],[116.8899,20.6831],[116.8745,20.6506],[116.8488,20.6283],[116.7917,20.6132],[116.7585,20.6184],[116.7487,20.6123],[116.7496,20.6009],[116.796,20.5826],[116.8629,20.5889],[116.9049,20.6193],[116.9318,20.6662],[116.9257,20.7268],[116.912,20.7559],[116.886,20.7755],[116.8603,20.7799],[116.7696,20.7717]]],[[[113.6832,21.9388],[113.7094,21.945],[113.7067,21.9572],[113.6928,21.963],[113.6814,21.9493],[113.6832,21.9388]]],[[[114.84,22.512],[114.8406,22.502],[114.8556,22.5138],[114.8459,22.5168],[114.84,22.512]]],[[[112.1406,21.6019],[112.1501,21.6019],[112.1448,21.6139],[112.1406,21.6019]]],[[[112.8834,21.5938],[112.9025,21.6023],[112.9032,21.6109],[112.8831,21.6155],[112.862,21.6066],[112.867,21.5956],[112.8834,21.5938]]],[[[113.0255,21.8478],[113.0468,21.8548],[113.052,21.8688],[113.0458,21.8828],[113.0074,21.8692],[113.0255,21.8478]]],[[[112.1181,21.6335],[112.1293,21.6405],[112.1181,21.6428],[112.1181,21.6335]]],[[[112.6564,21.5957],[112.667,21.6079],[112.6537,21.6059],[112.6564,21.5957]]],[[[114.6494,22.6752],[114.6481,22.6647],[114.6535,22.664],[114.6494,22.6752]]],[[[113.9017,22.1142],[113.9,22.1237],[113.8902,22.1228],[113.8864,22.1112],[113.9017,22.1142]]],[[[114.7269,22.5777],[114.7208,22.5885],[114.7192,22.5802],[114.7269,22.5777]]],[[[113.7077,22.1435],[113.708,22.1347],[113.7221,22.1419],[113.7077,22.1435]]],[[[114.6413,22.4294],[114.6505,22.4287],[114.6596,22.4441],[114.6542,22.4451],[114.6413,22.4294]]],[[[112.5879,21.5862],[112.6004,21.5917],[112.5999,21.5992],[112.5817,21.6006],[112.5793,21.5916],[112.5879,21.5862]]],[[[110.4054,20.6781],[110.4388,20.6798],[110.4354,20.6987],[110.4238,20.7111],[110.4104,20.7079],[110.401,20.6916],[110.4054,20.6781]]],[[[115.1077,22.7713],[115.1171,22.7797],[115.1086,22.7832],[115.1077,22.7713]]],[[[114.0075,22.027],[114.018,22.0283],[114.0135,22.0382],[114.0075,22.027]]],[[[116.7356,20.6945],[116.7368,20.7011],[116.7224,20.7075],[116.7144,20.7003],[116.7356,20.6945]]],[[[113.7027,22.1017],[113.7009,22.0949],[113.7111,22.0918],[113.7027,22.1017]]],[[[112.6742,21.6106],[112.6723,21.6176],[112.6648,21.6125],[112.6742,21.6106]]],[[[110.645,20.9357],[110.5897,20.9531],[110.5489,20.9086],[110.5515,20.8726],[110.5626,20.8611],[110.6118,20.86],[110.6463,20.9173],[110.645,20.9357]]],[[[115.1858,22.7377],[115.1965,22.7359],[115.1951,22.7419],[115.1858,22.7377]]],[[[110.5567,20.3275],[110.5645,20.3253],[110.5937,20.3607],[110.5864,20.3811],[110.5759,20.3507],[110.5567,20.3275]]],[[[114.1267,21.9617],[114.1428,21.9655],[114.139,21.9703],[114.1267,21.9617]]],[[[110.4208,21.16],[110.4195,21.1512],[110.4422,21.1483],[110.4478,21.1602],[110.4208,21.16]]],[[[113.8445,22.5102],[113.8568,22.5036],[113.8569,22.5096],[113.8426,22.5158],[113.8445,22.5102]]],[[[112.8017,21.5643],[112.8181,21.5796],[112.794,21.5689],[112.8017,21.5643]]],[[[113.5769,22.2121],[113.5762,22.201],[113.5865,22.201],[113.5907,22.209],[113.5769,22.2121]]],[[[110.3954,21.1044],[110.3961,21.0985],[110.4265,21.0946],[110.4286,21.1052],[110.4161,21.1124],[110.3954,21.1044]]],[[[115.9434,21.0974],[115.9533,21.0643],[115.9892,21.0355],[116.0401,21.0205],[116.0674,21.0404],[116.0575,21.0875],[116.0438,21.1102],[116.0244,21.1242],[115.965,21.1236],[115.9434,21.0974]]],[[[115.9267,20.9815],[115.9532,20.9283],[115.9699,20.9195],[115.9988,20.923],[116.0009,20.9484],[115.9541,20.9998],[115.9316,20.993],[115.9267,20.9815]]],[[[113.8397,22.4985],[113.8472,22.4919],[113.852,22.4966],[113.8445,22.5034],[113.8397,22.4985]]]]}},{"type":"Feature","properties":{"regionId":"hubei"},"geometry":{"type":"MultiPolygon","coordinates":[[[[111.0458,33.1701],[111.0339,33.178],[111.0158,33.1741],[111.0467,33.2029],[110.985,33.2554],[110.9662,33.2562],[110.9216,33.204],[110.8653,33.2141],[110.8305,33.2026],[110.8173,33.1773],[110.8242,33.1603],[110.8141,33.1527],[110.8106,33.1614],[110.7951,33.1499],[110.7455,33.147],[110.7179,33.1169],[110.7199,33.0996],[110.7025,33.0972],[110.6696,33.1302],[110.6574,33.1542],[110.6164,33.1456],[110.6011,33.1545],[110.5939,33.2071],[110.5777,33.2505],[110.5639,33.2549],[110.541,33.2556],[110.5287,33.2467],[110.5278,33.2304],[110.4818,33.1991],[110.4684,33.1812],[110.4722,33.1726],[110.4507,33.1796],[110.4223,33.1703],[110.376,33.176],[110.3722,33.1864],[110.3417,33.1728],[110.3378,33.1602],[110.2855,33.1711],[110.2324,33.1591],[110.2183,33.1632],[110.165,33.2093],[110.0311,33.1919],[110.0121,33.2086],[109.9991,33.2126],[109.9736,33.2039],[109.8638,33.2449],[109.7868,33.2337],[109.7179,33.2334],[109.693,33.2543],[109.6497,33.2517],[109.6478,33.2681],[109.6362,33.2756],[109.6163,33.2741],[109.6074,33.2642],[109.6069,33.2361],[109.5877,33.2298],[109.5498,33.2423],[109.5143,33.2378],[109.4983,33.2073],[109.4819,33.2002],[109.4721,33.1814],[109.4389,33.1521],[109.4685,33.1403],[109.514,33.1403],[109.5603,33.1256],[109.5762,33.1103],[109.5922,33.1196],[109.602,33.1082],[109.6333,33.118],[109.688,33.1166],[109.7042,33.1019],[109.7945,33.0669],[109.7874,33.0003],[109.7643,32.9093],[109.7899,32.8825],[109.8084,32.879],[109.8478,32.8933],[109.8571,32.9103],[109.8719,32.9109],[109.8838,32.9018],[109.916,32.901],[109.9313,32.8853],[109.9911,32.8859],[110.0044,32.8733],[110.0321,32.8709],[110.0513,32.8519],[110.1014,32.8347],[110.1292,32.8075],[110.1409,32.8088],[110.1275,32.7778],[110.1396,32.765],[110.1596,32.7672],[110.1623,32.7159],[110.1544,32.6901],[110.2064,32.633],[110.1652,32.5939],[110.1538,32.5932],[110.1241,32.6168],[110.0853,32.6131],[110.0882,32.5855],[110.0282,32.5484],[109.9957,32.5507],[109.9711,32.5776],[109.9448,32.5768],[109.9105,32.5927],[109.8171,32.5774],[109.7582,32.5899],[109.7267,32.6083],[109.6318,32.6001],[109.6193,32.5931],[109.62,32.5674],[109.6368,32.5411],[109.5757,32.5064],[109.576,32.4917],[109.5528,32.4772],[109.5416,32.4443],[109.5269,32.4334],[109.5296,32.4057],[109.5063,32.3953],[109.5004,32.3789],[109.5132,32.3423],[109.4955,32.3004],[109.5287,32.2703],[109.5504,32.2249],[109.5927,32.2193],[109.6038,32.2057],[109.5871,32.1615],[109.5926,32.1392],[109.6216,32.1067],[109.6179,32.0851],[109.5909,32.0477],[109.5876,32.0253],[109.6313,31.9622],[109.6307,31.9439],[109.6206,31.9286],[109.5945,31.9234],[109.585,31.9005],[109.6076,31.8816],[109.6382,31.8111],[109.6339,31.8046],[109.6045,31.8038],[109.5918,31.7889],[109.593,31.7519],[109.6045,31.7424],[109.5857,31.7267],[109.617,31.7116],[109.6449,31.7209],[109.683,31.7198],[109.7095,31.7011],[109.7311,31.7004],[109.7319,31.6732],[109.7406,31.6636],[109.7374,31.6287],[109.7642,31.603],[109.7451,31.597],[109.7465,31.578],[109.7275,31.5707],[109.7189,31.557],[109.7278,31.5483],[109.7886,31.5504],[109.801,31.5414],[109.838,31.5553],[109.8946,31.5192],[109.9238,31.5215],[109.9453,31.5067],[109.9823,31.5125],[109.9406,31.4787],[109.946,31.4694],[109.9878,31.4747],[110.0037,31.4537],[110.0335,31.4397],[110.054,31.4109],[110.1145,31.4121],[110.1273,31.3934],[110.14,31.3905],[110.1453,31.3813],[110.14,31.3683],[110.158,31.3335],[110.1517,31.3179],[110.164,31.3032],[110.1559,31.2795],[110.1625,31.2519],[110.1749,31.2435],[110.1696,31.228],[110.1802,31.1796],[110.1989,31.1565],[110.1868,31.1453],[110.1894,31.1295],[110.1625,31.116],[110.1469,31.1169],[110.1458,31.1082],[110.1202,31.0884],[110.1331,31.0598],[110.1208,31.032],[110.1402,31.0306],[110.136,30.9868],[110.1635,30.9916],[110.1732,30.9796],[110.1539,30.9538],[110.1451,30.9258],[110.1517,30.9115],[110.0817,30.7993],[110.053,30.7996],[110.0392,30.8205],[110.0196,30.8296],[110.018,30.8553],[110.0051,30.8704],[110.0083,30.8819],[109.9759,30.8887],[109.9584,30.8775],[109.9437,30.879],[109.9409,30.8897],[109.8945,30.8998],[109.8194,30.8602],[109.7808,30.8486],[109.7296,30.8154],[109.7166,30.8017],[109.7181,30.7787],[109.7026,30.7702],[109.7021,30.7837],[109.6854,30.7687],[109.6567,30.7605],[109.6608,30.7373],[109.649,30.7189],[109.6254,30.7027],[109.5906,30.6934],[109.5816,30.6709],[109.588,30.6647],[109.5742,30.6469],[109.5388,30.6384],[109.5337,30.6416],[109.5414,30.6516],[109.5379,30.664],[109.5287,30.6639],[109.4828,30.6232],[109.4565,30.6138],[109.3525,30.487],[109.3428,30.4947],[109.3375,30.5186],[109.3612,30.5547],[109.3145,30.5998],[109.3281,30.6161],[109.3136,30.6102],[109.2995,30.6306],[109.2278,30.5809],[109.2477,30.5832],[109.1921,30.5456],[109.169,30.546],[109.1475,30.5217],[109.1394,30.5346],[109.1244,30.5317],[109.0836,30.5982],[109.0931,30.609],[109.1125,30.6127],[109.1217,30.6287],[109.1147,30.6439],[109.0979,30.6381],[109.088,30.6466],[109.0555,30.6424],[109.0452,30.6539],[109.0221,30.643],[109.0097,30.6273],[108.9988,30.6323],[108.9875,30.6233],[108.978,30.6298],[108.9675,30.6248],[108.8947,30.567],[108.8438,30.5059],[108.8115,30.492],[108.7886,30.5129],[108.7449,30.4946],[108.724,30.5075],[108.726,30.5157],[108.714,30.5208],[108.7158,30.5304],[108.6994,30.5444],[108.6904,30.5867],[108.6662,30.5886],[108.6399,30.5747],[108.6493,30.5379],[108.6045,30.5108],[108.6114,30.5022],[108.5905,30.4946],[108.57,30.4704],[108.555,30.488],[108.5283,30.4875],[108.5109,30.5025],[108.4917,30.5015],[108.4693,30.4869],[108.4551,30.4893],[108.4561,30.4954],[108.4276,30.4924],[108.4143,30.4764],[108.4218,30.4488],[108.4121,30.4362],[108.4304,30.4156],[108.4217,30.4105],[108.4253,30.3991],[108.3996,30.3902],[108.4033,30.3748],[108.4327,30.3541],[108.4599,30.3598],[108.4993,30.3157],[108.5149,30.3152],[108.5264,30.3053],[108.5249,30.2947],[108.5452,30.2699],[108.5673,30.2549],[108.5817,30.2559],[108.5675,30.2344],[108.5538,30.1745],[108.5522,30.1633],[108.5675,30.1557],[108.5324,30.0737],[108.5163,30.0642],[108.5164,30.053],[108.5318,30.0551],[108.5261,30.0495],[108.5289,30.0055],[108.5426,29.9974],[108.5159,29.9304],[108.524,29.9116],[108.517,29.8655],[108.509,29.8786],[108.468,29.8642],[108.4338,29.8801],[108.4028,29.8559],[108.3869,29.86],[108.3916,29.8532],[108.3715,29.8416],[108.367,29.8204],[108.3942,29.8165],[108.3955,29.8321],[108.4047,29.8341],[108.4094,29.8204],[108.4245,29.8153],[108.417,29.7874],[108.4251,29.7727],[108.4414,29.7787],[108.4455,29.7644],[108.4371,29.7408],[108.4605,29.7409],[108.5036,29.7085],[108.5146,29.7203],[108.5042,29.7294],[108.547,29.7426],[108.5485,29.7495],[108.5225,29.7638],[108.5574,29.8191],[108.5799,29.8312],[108.5773,29.8447],[108.6014,29.8656],[108.6229,29.8673],[108.633,29.8647],[108.6328,29.8567],[108.6587,29.8546],[108.6703,29.8191],[108.6577,29.8152],[108.6806,29.8013],[108.6776,29.7485],[108.6867,29.74],[108.681,29.7214],[108.6932,29.7045],[108.6848,29.6935],[108.6911,29.6897],[108.7103,29.6992],[108.7182,29.6919],[108.7109,29.6792],[108.7336,29.6715],[108.7527,29.649],[108.7659,29.6611],[108.7746,29.6517],[108.7833,29.6538],[108.773,29.6615],[108.776,29.6754],[108.7582,29.6787],[108.7526,29.6893],[108.7863,29.6915],[108.7847,29.6772],[108.7975,29.6601],[108.7923,29.6473],[108.7797,29.6444],[108.7857,29.6338],[108.8044,29.6406],[108.8199,29.6324],[108.8177,29.6478],[108.8281,29.6713],[108.8354,29.6684],[108.8273,29.6544],[108.8445,29.6584],[108.8557,29.6364],[108.8697,29.643],[108.8866,29.6331],[108.8704,29.5966],[108.8859,29.5885],[108.9013,29.6048],[108.9092,29.5933],[108.9003,29.5831],[108.9125,29.5722],[108.8784,29.5393],[108.887,29.5306],[108.8874,29.4999],[108.8714,29.4885],[108.8665,29.4725],[108.8737,29.4497],[108.8845,29.4409],[108.932,29.4317],[108.9437,29.4107],[108.9341,29.3995],[108.9198,29.3263],[108.9723,29.3292],[108.9862,29.3367],[108.9851,29.3505],[108.9995,29.3639],[109.0347,29.3603],[109.0335,29.3782],[109.0532,29.4027],[109.0808,29.3906],[109.1119,29.3618],[109.1085,29.3199],[109.1139,29.3142],[109.1064,29.2886],[109.13,29.2825],[109.142,29.2705],[109.1104,29.2151],[109.1388,29.1695],[109.171,29.1779],[109.2155,29.1453],[109.2326,29.1195],[109.2453,29.1151],[109.256,29.1232],[109.2741,29.1221],[109.2772,29.1341],[109.264,29.144],[109.2615,29.161],[109.2739,29.1726],[109.2761,29.2003],[109.2578,29.2226],[109.3151,29.2521],[109.3522,29.2846],[109.3402,29.336],[109.344,29.3694],[109.3688,29.3829],[109.3915,29.3723],[109.382,29.3829],[109.3853,29.3936],[109.3686,29.4114],[109.3729,29.425],[109.397,29.4391],[109.4047,29.4344],[109.4022,29.4446],[109.4172,29.4548],[109.4051,29.4688],[109.41,29.4906],[109.4183,29.498],[109.4349,29.4891],[109.4406,29.4932],[109.4313,29.5053],[109.431,29.5291],[109.4453,29.5294],[109.4586,29.5132],[109.4651,29.5169],[109.4586,29.5305],[109.4618,29.5542],[109.467,29.56],[109.4887,29.5532],[109.504,29.5886],[109.5036,29.5977],[109.4959,29.5987],[109.5251,29.6088],[109.5143,29.618],[109.5165,29.626],[109.5586,29.607],[109.5754,29.6279],[109.6094,29.6345],[109.6508,29.6265],[109.6511,29.6101],[109.6635,29.5997],[109.7178,29.615],[109.7012,29.6363],[109.7158,29.6495],[109.7149,29.6733],[109.7601,29.6891],[109.7662,29.7029],[109.7602,29.7134],[109.7729,29.7242],[109.7535,29.7341],[109.7552,29.7431],[109.7693,29.7445],[109.7919,29.7634],[109.8698,29.7747],[109.9079,29.7642],[109.9465,29.7791],[109.976,29.7681],[110.0242,29.7696],[110.1135,29.7897],[110.1608,29.7538],[110.2199,29.7466],[110.2458,29.7322],[110.2899,29.6964],[110.2999,29.6624],[110.3395,29.6681],[110.3558,29.6388],[110.3734,29.6338],[110.417,29.6619],[110.447,29.6646],[110.4493,29.6908],[110.4652,29.7131],[110.5071,29.6921],[110.5628,29.7125],[110.6425,29.7721],[110.6184,29.8266],[110.5978,29.84],[110.584,29.8351],[110.5754,29.8448],[110.5499,29.848],[110.5357,29.8803],[110.5379,29.8968],[110.4981,29.9101],[110.5174,29.9614],[110.5572,29.987],[110.5473,29.9996],[110.5201,30.0018],[110.4916,30.0197],[110.4998,30.027],[110.4963,30.0546],[110.5082,30.0504],[110.5314,30.0611],[110.5976,30.0545],[110.651,30.0776],[110.6863,30.0592],[110.6822,30.0539],[110.694,30.0415],[110.7124,30.0332],[110.7562,30.0543],[110.7464,30.1126],[110.7883,30.12],[110.8029,30.1144],[110.8144,30.126],[110.8486,30.1261],[110.8979,30.1098],[110.9243,30.1113],[110.923,30.0757],[110.9299,30.0634],[110.9984,30.0594],[111.0316,30.0489],[111.2438,30.0396],[111.2579,30.0315],[111.267,30.0114],[111.2977,30.0046],[111.2972,29.9902],[111.3188,29.9719],[111.3241,29.9782],[111.3421,29.9454],[111.3754,29.9542],[111.3829,29.9498],[111.3781,29.9368],[111.3887,29.9377],[111.3829,29.9236],[111.4043,29.911],[111.4378,29.93],[111.4757,29.9188],[111.5145,29.9277],[111.5274,29.9257],[111.5513,29.8952],[111.6514,29.8931],[111.6818,29.8846],[111.6995,29.8876],[111.7302,29.9181],[111.7574,29.9201],[111.8096,29.9023],[111.8103,29.8938],[111.8307,29.8879],[111.829,29.874],[111.8396,29.8768],[111.8634,29.8566],[111.9146,29.8527],[111.937,29.8324],[111.961,29.8374],[111.9652,29.8312],[111.9516,29.8142],[111.9548,29.7967],[111.9871,29.794],[111.9913,29.7828],[112.0647,29.7459],[112.0548,29.7572],[112.0644,29.7698],[112.0757,29.7442],[112.0729,29.7151],[112.0599,29.6958],[112.0655,29.6818],[112.0919,29.6857],[112.1126,29.6592],[112.1506,29.6545],[112.1646,29.6623],[112.1782,29.6567],[112.1983,29.6174],[112.1995,29.6299],[112.2204,29.6372],[112.2195,29.6474],[112.2442,29.6596],[112.2284,29.6277],[112.2344,29.6158],[112.2943,29.5959],[112.3029,29.5862],[112.3032,29.5672],[112.2793,29.5292],[112.2827,29.495],[112.2907,29.5169],[112.3157,29.5243],[112.32,29.5406],[112.3703,29.5422],[112.3918,29.5678],[112.3972,29.5641],[112.4236,29.5957],[112.4397,29.6338],[112.4991,29.6293],[112.5052,29.611],[112.5352,29.5997],[112.5723,29.6239],[112.6078,29.608],[112.6247,29.6165],[112.6506,29.5925],[112.6734,29.6],[112.679,29.5895],[112.6869,29.5928],[112.714,29.6472],[112.7275,29.6553],[112.7318,29.6451],[112.7638,29.6648],[112.7637,29.6723],[112.7886,29.6799],[112.7918,29.7137],[112.8061,29.7261],[112.794,29.7359],[112.8616,29.7831],[112.8944,29.7838],[112.902,29.7913],[112.8866,29.7964],[112.9012,29.8032],[112.9197,29.7997],[112.9396,29.78],[112.9379,29.7666],[112.9294,29.7741],[112.9238,29.7665],[112.9307,29.7522],[112.927,29.6921],[112.9352,29.6819],[112.9594,29.6964],[112.9792,29.7376],[113.0118,29.7677],[113.0261,29.7728],[113.0309,29.7623],[113.005,29.6937],[112.912,29.6161],[112.9502,29.4729],[112.9733,29.4724],[112.9903,29.498],[113.0344,29.5236],[113.0576,29.5225],[113.0808,29.4341],[113.0906,29.4308],[113.1027,29.443],[113.1,29.4597],[113.1453,29.4493],[113.1557,29.4571],[113.2224,29.5437],[113.2723,29.5808],[113.2773,29.5951],[113.3774,29.7032],[113.5715,29.8489],[113.5809,29.8357],[113.5772,29.8185],[113.5657,29.8104],[113.5619,29.7916],[113.5678,29.7865],[113.551,29.7682],[113.5612,29.7391],[113.5384,29.6837],[113.5472,29.6754],[113.6064,29.6668],[113.6378,29.6699],[113.6527,29.6836],[113.6648,29.6833],[113.6792,29.6408],[113.7028,29.6347],[113.7084,29.609],[113.7229,29.6108],[113.741,29.5915],[113.7356,29.5765],[113.7112,29.5694],[113.7093,29.5543],[113.6816,29.5486],[113.6808,29.5393],[113.6573,29.537],[113.6309,29.523],[113.6353,29.51],[113.6889,29.5096],[113.7073,29.4857],[113.7423,29.4682],[113.7549,29.4476],[113.737,29.4263],[113.7417,29.4129],[113.7318,29.3948],[113.6724,29.3866],[113.661,29.3682],[113.6611,29.3334],[113.633,29.3184],[113.6069,29.2677],[113.6096,29.2515],[113.6353,29.2506],[113.6465,29.2314],[113.6601,29.2245],[113.6658,29.2322],[113.6901,29.2308],[113.6938,29.2018],[113.662,29.1673],[113.668,29.1437],[113.6906,29.1145],[113.6856,29.0823],[113.6963,29.0777],[113.7227,29.1047],[113.7321,29.1051],[113.7262,29.0836],[113.7412,29.0581],[113.7756,29.0952],[113.816,29.1053],[113.8271,29.1025],[113.837,29.0868],[113.8316,29.0693],[113.8549,29.0589],[113.8818,29.0655],[113.8766,29.0382],[113.8954,29.0295],[113.942,29.0473],[113.9519,29.0643],[113.9526,29.0927],[113.9733,29.1022],[113.9872,29.1262],[114.0392,29.158],[114.0411,29.1704],[114.0598,29.1862],[114.0632,29.2049],[114.1798,29.2146],[114.2243,29.2354],[114.2523,29.2348],[114.2463,29.2652],[114.2612,29.2911],[114.2517,29.3016],[114.2623,29.3219],[114.259,29.344],[114.3068,29.3653],[114.3238,29.3578],[114.3448,29.3252],[114.3758,29.3229],[114.3989,29.3369],[114.44,29.3416],[114.4439,29.3491],[114.4499,29.343],[114.443,29.3396],[114.4552,29.3359],[114.4572,29.3255],[114.5025,29.3238],[114.5927,29.3546],[114.6218,29.38],[114.6485,29.382],[114.6733,29.3962],[114.7328,29.3942],[114.7407,29.3864],[114.7407,29.3668],[114.76,29.3631],[114.7688,29.3788],[114.7846,29.3862],[114.8052,29.3817],[114.8663,29.4046],[114.8778,29.3994],[114.877,29.3916],[114.8948,29.397],[114.913,29.4217],[114.9267,29.4162],[114.9429,29.4684],[114.9358,29.4864],[114.9232,29.4849],[114.9052,29.4729],[114.9181,29.4545],[114.8885,29.4361],[114.8763,29.4682],[114.8605,29.4761],[114.885,29.4951],[114.9012,29.53],[114.9082,29.5208],[114.9006,29.506],[114.9267,29.5197],[114.9255,29.4988],[114.9393,29.4943],[114.9576,29.5005],[114.9687,29.5157],[114.9487,29.5253],[114.9478,29.5429],[115.0005,29.5721],[115.0343,29.5463],[115.0876,29.56],[115.0995,29.5502],[115.0866,29.5229],[115.1247,29.5097],[115.154,29.5104],[115.1535,29.5757],[115.1725,29.5891],[115.16,29.5984],[115.1336,29.59],[115.121,29.5952],[115.1314,29.6023],[115.1323,29.6323],[115.1423,29.6516],[115.1091,29.6631],[115.106,29.6736],[115.1135,29.685],[115.1222,29.6862],[115.1552,29.6586],[115.1767,29.6548],[115.2686,29.6583],[115.2658,29.6381],[115.2859,29.6186],[115.3293,29.6461],[115.3598,29.6464],[115.472,29.7426],[115.4666,29.7663],[115.4792,29.8113],[115.5058,29.8224],[115.5116,29.8403],[115.6831,29.8478],[115.8372,29.7485],[115.9327,29.7211],[115.9658,29.7247],[116.0496,29.7619],[116.1071,29.8083],[116.1352,29.8194],[116.1346,29.8774],[116.1258,29.9014],[116.0779,29.9561],[116.0738,29.97],[116.0815,29.9817],[116.0783,30.0102],[116.0917,30.0362],[116.0793,30.0662],[116.085,30.1262],[116.0567,30.1699],[116.0643,30.2069],[116.0317,30.227],[116.0134,30.2489],[115.9948,30.255],[115.981,30.2958],[115.9538,30.3064],[115.9219,30.3013],[115.9044,30.3101],[115.9167,30.3344],[115.8849,30.3795],[115.9215,30.4164],[115.9462,30.4252],[115.9208,30.4298],[115.918,30.4411],[115.8948,30.4527],[115.8981,30.4823],[115.9199,30.515],[115.8878,30.5425],[115.8756,30.5694],[115.8791,30.5783],[115.8485,30.6019],[115.8281,30.6061],[115.8192,30.5979],[115.8078,30.6155],[115.815,30.6248],[115.8099,30.6426],[115.7625,30.6856],[115.7829,30.7517],[115.7928,30.7593],[115.8105,30.7594],[115.8224,30.7504],[115.8516,30.7567],[115.8544,30.7675],[115.8683,30.7743],[115.8695,30.7825],[115.8587,30.7848],[115.8638,30.8158],[115.8488,30.8286],[115.8656,30.8642],[115.8857,30.8779],[115.9324,30.8894],[115.9361,30.9029],[116.0099,30.9497],[116.0717,30.9567],[116.0589,31.0127],[116.015,31.0119],[116.0066,31.0347],[115.9386,31.0473],[115.9398,31.0717],[115.9028,31.0892],[115.8875,31.1092],[115.8801,31.1419],[115.8693,31.1477],[115.8349,31.1263],[115.7979,31.1279],[115.7701,31.113],[115.7559,31.1426],[115.7009,31.2011],[115.6553,31.211],[115.6363,31.2],[115.6291,31.1846],[115.6037,31.1737],[115.5968,31.1502],[115.5857,31.1442],[115.5596,31.1603],[115.5425,31.187],[115.5401,31.2291],[115.53,31.2493],[115.5076,31.2679],[115.5011,31.2624],[115.4731,31.2653],[115.4578,31.2816],[115.4626,31.3175],[115.4496,31.3159],[115.442,31.3461],[115.4205,31.3499],[115.4046,31.3378],[115.372,31.3493],[115.3824,31.3566],[115.3758,31.3711],[115.3928,31.3899],[115.3737,31.4058],[115.336,31.4034],[115.3135,31.3834],[115.3011,31.3841],[115.2814,31.3999],[115.2604,31.3874],[115.2505,31.3918],[115.2603,31.4122],[115.2526,31.4217],[115.2205,31.4267],[115.2105,31.4454],[115.2184,31.4669],[115.2123,31.4901],[115.2359,31.5555],[115.193,31.5641],[115.1804,31.5778],[115.1769,31.5989],[115.1644,31.6046],[115.1254,31.5991],[115.1273,31.5791],[115.1067,31.5675],[115.1031,31.5558],[115.1111,31.5523],[115.1061,31.5455],[115.1133,31.529],[115.0928,31.5191],[115.0963,31.5085],[115.0385,31.517],[115.0231,31.5276],[115.0017,31.5],[115.0108,31.4882],[115.0014,31.4844],[114.9983,31.4716],[114.968,31.4966],[114.9365,31.4698],[114.9253,31.4805],[114.8867,31.4694],[114.87,31.4794],[114.8488,31.4745],[114.8415,31.462],[114.8298,31.4589],[114.813,31.4788],[114.783,31.4846],[114.7746,31.5009],[114.7788,31.5207],[114.757,31.5272],[114.7233,31.5206],[114.7172,31.5279],[114.6966,31.5258],[114.6998,31.5461],[114.6701,31.5471],[114.6417,31.5822],[114.6168,31.5853],[114.5725,31.554],[114.5611,31.5609],[114.5489,31.6098],[114.5497,31.6425],[114.5708,31.6601],[114.5742,31.6892],[114.5914,31.7004],[114.5791,31.7082],[114.5845,31.7641],[114.555,31.7685],[114.5453,31.7461],[114.5321,31.7408],[114.5212,31.7669],[114.5097,31.7669],[114.5087,31.7407],[114.4509,31.7376],[114.4466,31.7281],[114.4192,31.7332],[114.4163,31.7421],[114.4017,31.7471],[114.39,31.741],[114.3504,31.7554],[114.2928,31.7523],[114.2485,31.8105],[114.2365,31.8419],[114.2213,31.8324],[114.1803,31.854],[114.167,31.851],[114.1634,31.8417],[114.1341,31.8428],[114.1181,31.8057],[114.0992,31.8034],[114.0866,31.7822],[114.0638,31.7819],[114.0591,31.7723],[114.0158,31.7703],[113.9888,31.7502],[113.9789,31.7538],[113.9653,31.7856],[113.9526,31.7939],[113.947,31.8265],[113.9574,31.8431],[113.9549,31.8564],[113.9335,31.8694],[113.9347,31.8795],[113.9206,31.8796],[113.8964,31.8494],[113.8584,31.8413],[113.8386,31.8547],[113.8313,31.879],[113.8325,31.9187],[113.8052,31.9315],[113.8172,31.9646],[113.7594,31.9865],[113.7589,32.0009],[113.7913,32.036],[113.7285,32.0832],[113.7224,32.1243],[113.737,32.1216],[113.7399,32.113],[113.7503,32.1163],[113.7662,32.1384],[113.7638,32.1617],[113.7835,32.1864],[113.777,32.2084],[113.767,32.2037],[113.7527,32.2162],[113.7405,32.2428],[113.7394,32.2576],[113.7498,32.2603],[113.7439,32.2836],[113.7728,32.3025],[113.7539,32.3282],[113.7585,32.3522],[113.7707,32.3586],[113.7689,32.3695],[113.7542,32.3597],[113.7439,32.3695],[113.7528,32.3887],[113.7408,32.3931],[113.7352,32.4108],[113.6654,32.422],[113.6628,32.4101],[113.6512,32.4134],[113.6366,32.3859],[113.6246,32.3795],[113.625,32.3636],[113.6158,32.3577],[113.5924,32.3645],[113.6048,32.3501],[113.5792,32.3553],[113.583,32.3431],[113.5513,32.3293],[113.5615,32.3074],[113.5508,32.3025],[113.5501,32.3288],[113.5299,32.3308],[113.4205,32.2695],[113.3767,32.2984],[113.3477,32.2986],[113.3321,32.3161],[113.32,32.3182],[113.3177,32.327],[113.3339,32.3377],[113.2987,32.354],[113.2954,32.3674],[113.2118,32.432],[113.1592,32.4107],[113.1502,32.3763],[113.1187,32.3758],[113.108,32.3985],[113.0789,32.3944],[113.0503,32.4179],[113.0253,32.4246],[113.0005,32.4168],[112.9886,32.3996],[112.9881,32.3723],[112.9698,32.3712],[112.9604,32.3853],[112.9119,32.3907],[112.8888,32.3768],[112.8772,32.3795],[112.8786,32.3926],[112.8705,32.3979],[112.804,32.3722],[112.7763,32.3584],[112.7679,32.3442],[112.7541,32.3429],[112.7341,32.3568],[112.7136,32.3526],[112.6856,32.3577],[112.6721,32.3681],[112.6455,32.3685],[112.612,32.387],[112.5772,32.3825],[112.5617,32.3989],[112.5452,32.4038],[112.5312,32.3772],[112.5216,32.3831],[112.4957,32.3749],[112.4762,32.3796],[112.4466,32.3574],[112.4518,32.3436],[112.391,32.3712],[112.3879,32.3637],[112.36,32.3656],[112.3512,32.3504],[112.3298,32.3382],[112.3281,32.3217],[112.2554,32.3598],[112.2291,32.3854],[112.2059,32.393],[112.1727,32.3852],[112.1788,32.3921],[112.1647,32.4113],[112.1436,32.407],[112.1589,32.4019],[112.1614,32.3935],[112.1506,32.3842],[112.1645,32.3853],[112.1569,32.3771],[112.1302,32.4031],[112.1084,32.4048],[112.0844,32.4197],[112.086,32.4353],[112.066,32.4447],[112.0641,32.4742],[112.0381,32.4701],[112.007,32.451],[112.0021,32.459],[111.9904,32.4575],[111.9928,32.4673],[111.9756,32.4719],[111.9487,32.517],[111.8899,32.5032],[111.8702,32.5063],[111.8583,32.5287],[111.8092,32.5367],[111.7135,32.6065],[111.673,32.615],[111.6464,32.6062],[111.6408,32.6348],[111.6184,32.6276],[111.583,32.5965],[111.5591,32.6011],[111.5302,32.6283],[111.5266,32.6542],[111.513,32.674],[111.4678,32.7074],[111.4727,32.7178],[111.4255,32.7326],[111.4417,32.7268],[111.4445,32.7367],[111.457,32.727],[111.469,32.7386],[111.4751,32.7613],[111.4619,32.7744],[111.4629,32.7655],[111.4473,32.7549],[111.4229,32.751],[111.4135,32.7571],[111.3801,32.8288],[111.2935,32.8594],[111.2907,32.8926],[111.2802,32.9043],[111.2549,32.884],[111.2464,32.8885],[111.2456,32.9442],[111.2736,32.9719],[111.2588,33.0065],[111.2405,33.02],[111.2405,33.0372],[111.1482,33.0424],[111.1507,33.0532],[111.1929,33.0716],[111.191,33.0867],[111.177,33.1012],[111.1796,33.1155],[111.1463,33.1238],[111.132,33.1378],[111.1282,33.1544],[111.0888,33.182],[111.0732,33.1807],[111.0455,33.1581],[111.0372,33.161],[111.0458,33.1701]]],[[[113.7682,32.284],[113.754,32.2883],[113.7603,32.2682],[113.77,32.276],[113.7682,32.284]]],[[[111.0467,33.2029],[111.0339,33.178],[111.0458,33.1701],[111.0578,33.1836],[111.0467,33.2029]]],[[[112.7167,32.3578],[112.7309,32.3631],[112.7359,32.3563],[112.7336,32.3662],[112.7167,32.3578]]],[[[112.902,29.7913],[112.8944,29.7838],[112.9238,29.7665],[112.9294,29.7741],[112.902,29.7913]]]]}},{"type":"Feature","properties":{"regionId":"hunan"},"geometry":{"type":"MultiPolygon","coordinates":[[[[111.0086,26.3589],[111.0026,26.3401],[111.0432,26.3325],[111.0404,26.3235],[111.0535,26.3195],[111.0612,26.3254],[111.1069,26.3041],[111.2047,26.3078],[111.2033,26.2807],[111.2128,26.2691],[111.2317,26.2623],[111.2813,26.2711],[111.2926,26.2524],[111.2915,26.2208],[111.2717,26.2172],[111.2665,26.1913],[111.2744,26.1826],[111.2581,26.152],[111.2686,26.1293],[111.2689,26.1074],[111.2593,26.0967],[111.266,26.096],[111.2446,26.078],[111.2643,26.0557],[111.2368,26.0489],[111.2137,26.0177],[111.1895,25.9533],[111.205,25.9529],[111.2065,25.9396],[111.2197,25.937],[111.2166,25.929],[111.2323,25.911],[111.2225,25.9073],[111.2427,25.8878],[111.2516,25.8647],[111.2919,25.8544],[111.3053,25.8837],[111.3462,25.9063],[111.355,25.8921],[111.3784,25.9048],[111.3855,25.8821],[111.4087,25.8851],[111.4159,25.8769],[111.4543,25.8885],[111.4568,25.8711],[111.471,25.8753],[111.4921,25.8686],[111.4862,25.8593],[111.4569,25.8481],[111.4332,25.8463],[111.425,25.8263],[111.4361,25.8136],[111.4402,25.7696],[111.4161,25.7682],[111.3996,25.7446],[111.3468,25.7297],[111.3273,25.7327],[111.3075,25.7164],[111.3139,25.6826],[111.31,25.6449],[111.3431,25.6028],[111.3249,25.5641],[111.3281,25.5214],[111.3206,25.4955],[111.3009,25.4697],[111.3012,25.4511],[111.2921,25.4358],[111.279,25.4233],[111.2659,25.4254],[111.2575,25.3959],[111.2367,25.3782],[111.2105,25.3635],[111.1818,25.3666],[111.1384,25.3036],[111.1033,25.2851],[111.1178,25.2393],[111.1128,25.2171],[111.0655,25.1875],[111.0027,25.1657],[110.9776,25.109],[110.984,25.1017],[110.9614,25.0779],[110.9667,25.0731],[110.9519,25.0412],[110.9608,25.0015],[110.9755,24.9878],[110.9687,24.9755],[110.9921,24.959],[110.9872,24.9425],[110.9949,24.9304],[110.9791,24.9147],[110.9972,24.927],[111.0034,24.9214],[111.0185,24.9298],[111.0503,24.9283],[111.0974,24.9409],[111.097,24.9749],[111.1079,25.0097],[111.1018,25.0352],[111.14,25.0424],[111.2008,25.0747],[111.222,25.1064],[111.2637,25.1336],[111.2632,25.1438],[111.2748,25.1511],[111.2891,25.1425],[111.2967,25.1221],[111.3218,25.1049],[111.3604,25.1031],[111.3752,25.1285],[111.3998,25.1246],[111.4028,25.1076],[111.4367,25.0984],[111.4188,25.0656],[111.4234,25.0355],[111.4683,25.0195],[111.4673,25.0025],[111.4384,24.9843],[111.4314,24.9597],[111.4402,24.9445],[111.4702,24.929],[111.4639,24.909],[111.4471,24.8931],[111.4605,24.8722],[111.4494,24.8571],[111.4794,24.7976],[111.4613,24.7501],[111.4642,24.7338],[111.4311,24.6859],[111.4468,24.6825],[111.4518,24.6658],[111.468,24.6667],[111.4716,24.6747],[111.5041,24.6649],[111.5299,24.6365],[111.5499,24.6486],[111.5601,24.6389],[111.5707,24.6447],[111.5892,24.6907],[111.6417,24.6847],[111.6423,24.73],[111.6665,24.7608],[111.6896,24.7786],[111.704,24.7782],[111.7084,24.7888],[111.7332,24.7803],[111.7835,24.7858],[111.7942,24.7743],[111.8141,24.7703],[111.8353,24.7769],[111.8687,24.7718],[111.8752,24.7567],[111.9037,24.7635],[111.9382,24.757],[111.951,24.7696],[111.9636,24.7701],[111.9977,24.7589],[112.0241,24.7401],[112.0336,24.7535],[112.0338,24.7712],[112.0592,24.7995],[112.0838,24.8049],[112.0973,24.8264],[112.1241,24.8411],[112.1415,24.8445],[112.1495,24.837],[112.1611,24.8442],[112.171,24.8627],[112.1653,24.8825],[112.1752,24.9275],[112.1421,24.9379],[112.12,24.9637],[112.122,24.9895],[112.1347,24.9959],[112.1557,25.027],[112.1489,25.0354],[112.1522,25.056],[112.1771,25.1074],[112.1742,25.1295],[112.1932,25.1722],[112.1871,25.1825],[112.2465,25.185],[112.2561,25.1594],[112.282,25.1647],[112.3026,25.1572],[112.316,25.1752],[112.3324,25.1745],[112.3642,25.1917],[112.3932,25.1601],[112.3874,25.1522],[112.3995,25.1407],[112.4133,25.1413],[112.443,25.1856],[112.4549,25.1735],[112.4583,25.1521],[112.5026,25.1446],[112.5077,25.1367],[112.5627,25.1245],[112.5965,25.1263],[112.6282,25.1406],[112.6598,25.1328],[112.6698,25.113],[112.7156,25.0784],[112.7151,25.026],[112.7418,24.9986],[112.7432,24.9603],[112.7735,24.95],[112.7847,24.9366],[112.7807,24.8973],[112.8038,24.8905],[112.8735,24.8967],[112.9044,24.9218],[112.9418,24.9159],[112.9592,24.9235],[112.9836,24.9209],[112.9948,24.9274],[112.9917,24.9385],[113.0119,24.9461],[113.0028,24.9571],[113.01,24.9774],[112.9905,24.9954],[112.9921,25.018],[112.9784,25.0265],[113.0023,25.058],[113.002,25.0711],[113.0184,25.0831],[113.0045,25.0892],[112.968,25.1416],[112.9743,25.1683],[113.0345,25.2014],[113.0298,25.2105],[113.0178,25.2111],[112.999,25.2441],[112.9596,25.2541],[112.9519,25.2457],[112.9341,25.2504],[112.9334,25.2432],[112.924,25.2486],[112.8969,25.2393],[112.8683,25.2488],[112.874,25.2743],[112.8564,25.2916],[112.8588,25.3202],[112.8518,25.3334],[112.8687,25.3278],[112.8948,25.3376],[112.9006,25.3114],[112.9132,25.2999],[112.9278,25.2999],[112.9318,25.3228],[112.9451,25.3263],[112.9681,25.3498],[113.0092,25.3529],[113.0237,25.346],[113.0298,25.3612],[113.0801,25.3834],[113.0969,25.4107],[113.0924,25.4175],[113.1144,25.4206],[113.1284,25.4132],[113.1307,25.4271],[113.1184,25.4473],[113.1279,25.4497],[113.1224,25.4557],[113.1346,25.4677],[113.15,25.468],[113.152,25.4922],[113.1694,25.4881],[113.1771,25.4716],[113.2008,25.4794],[113.2262,25.5097],[113.2491,25.5141],[113.2608,25.4994],[113.2694,25.5053],[113.2826,25.4942],[113.2918,25.5009],[113.2917,25.5164],[113.3033,25.5159],[113.2968,25.5084],[113.3114,25.4905],[113.3139,25.4429],[113.3401,25.4499],[113.3597,25.4384],[113.3765,25.4007],[113.407,25.4014],[113.4241,25.3927],[113.4277,25.3732],[113.4423,25.3613],[113.4624,25.3698],[113.4702,25.3656],[113.48,25.3752],[113.5192,25.3701],[113.5151,25.3607],[113.5243,25.3536],[113.5361,25.3685],[113.5443,25.3666],[113.5545,25.3518],[113.5814,25.3427],[113.586,25.3073],[113.6108,25.327],[113.6802,25.3345],[113.6871,25.3521],[113.7079,25.3526],[113.7066,25.3609],[113.7253,25.3586],[113.7345,25.3489],[113.744,25.364],[113.7541,25.3612],[113.7642,25.3336],[113.7581,25.33],[113.8213,25.3308],[113.8398,25.3635],[113.8769,25.3803],[113.8818,25.4069],[113.8921,25.4119],[113.8845,25.4203],[113.8869,25.4366],[113.9134,25.4428],[113.9435,25.4388],[113.9399,25.4594],[113.959,25.4836],[113.9521,25.4869],[113.9556,25.4967],[113.9458,25.4996],[113.9629,25.5283],[113.9861,25.529],[113.9924,25.5652],[113.9795,25.5732],[113.9831,25.5994],[113.9571,25.6119],[113.9496,25.6252],[113.9513,25.6376],[113.9138,25.7038],[113.9143,25.7287],[113.9617,25.7773],[113.9701,25.834],[114.0283,25.8934],[114.0218,25.9192],[114.0315,25.9389],[114.0211,25.9556],[114.0271,25.991],[114.0091,26.0042],[114.0085,26.0157],[114.0281,26.0312],[114.0438,26.0767],[114.0699,26.0785],[114.0856,26.0664],[114.1069,26.0695],[114.1202,26.0842],[114.1087,26.1003],[114.1711,26.1233],[114.1877,26.121],[114.2372,26.1522],[114.2185,26.1685],[114.2322,26.18],[114.2168,26.2032],[114.1923,26.1967],[114.1813,26.2145],[114.1028,26.1878],[114.0886,26.1684],[114.0591,26.1662],[114.0554,26.1813],[114.041,26.1774],[114.0364,26.1886],[114.0279,26.1801],[114.0134,26.1841],[113.9627,26.1509],[113.9445,26.1637],[113.9495,26.1927],[113.9701,26.2021],[113.9789,26.2377],[114.0293,26.2664],[114.0212,26.2831],[114.0418,26.3096],[114.0356,26.3234],[114.0476,26.3374],[114.0306,26.3766],[114.0625,26.4061],[114.0854,26.4062],[114.0905,26.4557],[114.1101,26.483],[114.0727,26.4799],[114.1081,26.575],[114.0197,26.5875],[114.0177,26.5996],[113.9964,26.6156],[113.9064,26.6157],[113.9014,26.6279],[113.885,26.6358],[113.8814,26.6543],[113.868,26.653],[113.8605,26.6641],[113.8535,26.7694],[113.8358,26.8064],[113.8775,26.8595],[113.8921,26.8605],[113.8914,26.8978],[113.9031,26.9106],[113.9022,26.9259],[113.9264,26.9471],[113.9214,26.96],[113.8925,26.9647],[113.8715,26.9901],[113.8633,27.0185],[113.8481,27.0167],[113.8385,27.035],[113.8239,27.0361],[113.8077,27.0977],[113.7882,27.0865],[113.7719,27.0964],[113.7794,27.1372],[113.8472,27.2225],[113.8599,27.2691],[113.8717,27.2847],[113.8691,27.2965],[113.8546,27.3052],[113.8729,27.3467],[113.8762,27.3821],[113.8229,27.3648],[113.7629,27.3609],[113.7436,27.3487],[113.7228,27.349],[113.6998,27.3321],[113.6721,27.3333],[113.6577,27.3475],[113.6167,27.3454],[113.6044,27.3655],[113.6027,27.3858],[113.6298,27.401],[113.6207,27.4183],[113.6069,27.4175],[113.5978,27.4288],[113.5997,27.4503],[113.592,27.4682],[113.6144,27.4774],[113.6286,27.5122],[113.6219,27.5268],[113.6104,27.5145],[113.5834,27.5247],[113.5788,27.5452],[113.6088,27.585],[113.6073,27.6254],[113.6521,27.6636],[113.6697,27.6949],[113.6963,27.7189],[113.699,27.7411],[113.7672,27.8082],[113.7563,27.8602],[113.7315,27.8691],[113.7367,27.9058],[113.7534,27.9347],[113.7711,27.9527],[113.7927,27.9551],[113.8029,27.974],[113.8219,27.9823],[113.8268,27.9733],[113.8452,27.9717],[113.8598,28.0017],[113.8695,28.0042],[113.8787,27.9919],[113.9002,27.9876],[113.9143,27.9913],[113.9356,28.0189],[113.9656,28.0168],[113.957,28.0284],[113.9688,28.0411],[114.0269,28.0318],[114.0276,28.0418],[114.0471,28.0575],[114.0363,28.0782],[114.0191,28.0854],[114.0285,28.0848],[114.027,28.0924],[113.9927,28.1614],[114.0124,28.1751],[114.0686,28.1717],[114.1053,28.1815],[114.1066,28.2016],[114.1438,28.2381],[114.145,28.2478],[114.1805,28.2498],[114.1847,28.2676],[114.1991,28.2725],[114.1981,28.2907],[114.2157,28.294],[114.2507,28.3182],[114.2555,28.3266],[114.2471,28.3381],[114.2601,28.3557],[114.2506,28.3681],[114.2581,28.3729],[114.2525,28.3957],[114.2282,28.3954],[114.1934,28.4308],[114.1724,28.4328],[114.2193,28.4705],[114.2188,28.4826],[114.1956,28.4986],[114.1747,28.4974],[114.1546,28.5076],[114.1381,28.5337],[114.1007,28.5403],[114.0868,28.5559],[114.1321,28.6072],[114.1223,28.6233],[114.1328,28.6418],[114.1331,28.6717],[114.1224,28.6895],[114.1282,28.701],[114.14,28.7029],[114.1571,28.7615],[114.1375,28.7797],[114.152,28.8016],[114.1495,28.835],[114.1345,28.827],[114.1249,28.8433],[114.0804,28.8333],[114.0597,28.8497],[114.0564,28.8705],[114.0668,28.8845],[114.0602,28.9024],[114.0406,28.9066],[114.0283,28.8912],[114.024,28.9077],[114.0054,28.9178],[114.0089,28.9554],[113.9738,28.9379],[113.9667,28.9443],[113.9557,28.9784],[113.9615,28.997],[113.9462,29.0179],[113.946,29.0448],[113.8953,29.0295],[113.8766,29.0382],[113.8818,29.0654],[113.8526,29.0587],[113.8316,29.0693],[113.837,29.0868],[113.8272,29.1025],[113.816,29.1053],[113.7756,29.0952],[113.7494,29.0609],[113.7401,29.0587],[113.7263,29.0837],[113.7321,29.1051],[113.7228,29.1047],[113.6963,29.0777],[113.6856,29.0823],[113.6906,29.1145],[113.668,29.1438],[113.662,29.1673],[113.6938,29.2018],[113.6901,29.2308],[113.6658,29.2322],[113.6601,29.2245],[113.6464,29.2314],[113.6352,29.2506],[113.6096,29.2515],[113.6069,29.2676],[113.633,29.3184],[113.661,29.3334],[113.6609,29.3682],[113.67,29.3846],[113.7319,29.3948],[113.7417,29.4129],[113.737,29.4263],[113.7549,29.4476],[113.6886,29.5097],[113.6434,29.5078],[113.6353,29.51],[113.6314,29.5235],[113.7093,29.5543],[113.7139,29.5706],[113.7357,29.5765],[113.741,29.5916],[113.7229,29.6108],[113.7084,29.609],[113.7028,29.6348],[113.6716,29.6408],[113.6804,29.6414],[113.6624,29.6845],[113.6378,29.6699],[113.5471,29.6754],[113.5384,29.6837],[113.5612,29.7391],[113.551,29.7682],[113.5756,29.808],[113.5653,29.8126],[113.5772,29.8185],[113.5809,29.8357],[113.5715,29.8489],[113.3773,29.7032],[113.2773,29.5951],[113.2723,29.5809],[113.2224,29.5437],[113.1557,29.4571],[113.1453,29.4493],[113.1,29.4597],[113.1027,29.443],[113.0906,29.4307],[113.0807,29.4341],[113.0576,29.5225],[113.0188,29.5162],[112.9903,29.498],[112.9692,29.4691],[112.9502,29.4729],[112.9119,29.6068],[112.912,29.6161],[112.9454,29.6475],[113.005,29.6938],[113.0309,29.7623],[113.0261,29.7728],[112.9793,29.7376],[112.9578,29.6942],[112.9448,29.6828],[112.9332,29.6832],[112.927,29.6922],[112.9299,29.7553],[112.9227,29.7673],[112.8894,29.7857],[112.87,29.786],[112.7939,29.7359],[112.8061,29.7261],[112.7918,29.7137],[112.7952,29.6976],[112.7848,29.6936],[112.7886,29.6799],[112.766,29.6751],[112.7638,29.6648],[112.7354,29.6463],[112.7302,29.6542],[112.719,29.6525],[112.687,29.5927],[112.679,29.5895],[112.6734,29.6],[112.6506,29.5925],[112.6247,29.6165],[112.6078,29.608],[112.5722,29.6239],[112.5352,29.5997],[112.5052,29.611],[112.4991,29.6293],[112.4397,29.6338],[112.4248,29.5987],[112.3973,29.5641],[112.3918,29.5678],[112.3703,29.5422],[112.3201,29.5406],[112.3157,29.5243],[112.2907,29.5169],[112.2834,29.4952],[112.282,29.5371],[112.3027,29.566],[112.3032,29.5855],[112.2952,29.5953],[112.2344,29.6158],[112.2283,29.6296],[112.2442,29.6596],[112.2182,29.6451],[112.2204,29.6372],[112.1994,29.6299],[112.1983,29.6174],[112.1782,29.6566],[112.1645,29.6623],[112.1505,29.6545],[112.1115,29.6596],[112.0919,29.6857],[112.0655,29.6818],[112.0599,29.6958],[112.074,29.7171],[112.0764,29.7435],[112.0644,29.7698],[112.0547,29.7588],[112.0647,29.7459],[111.9913,29.7828],[111.9871,29.794],[111.9549,29.7967],[111.9516,29.8142],[111.9652,29.8312],[111.9609,29.8374],[111.9362,29.8325],[111.9146,29.8527],[111.8634,29.8565],[111.8396,29.8768],[111.829,29.874],[111.8307,29.8879],[111.8103,29.8938],[111.8096,29.9023],[111.7574,29.9201],[111.7249,29.9155],[111.7051,29.8901],[111.6818,29.8845],[111.6515,29.893],[111.5514,29.8952],[111.5274,29.9257],[111.5145,29.9277],[111.4835,29.9182],[111.4378,29.93],[111.4053,29.9111],[111.3828,29.9236],[111.3901,29.9375],[111.3783,29.9372],[111.3833,29.9459],[111.3752,29.9544],[111.3517,29.9514],[111.3471,29.942],[111.3221,29.9783],[111.3187,29.9719],[111.2973,29.9902],[111.2977,30.0046],[111.267,30.0114],[111.2556,30.0346],[111.2422,30.0404],[111.0315,30.0489],[110.9984,30.0593],[110.9299,30.0634],[110.923,30.0757],[110.9243,30.1113],[110.8144,30.126],[110.803,30.1144],[110.7696,30.1202],[110.7464,30.1126],[110.7531,30.1013],[110.749,30.0883],[110.756,30.083],[110.7553,30.0528],[110.7123,30.0332],[110.6941,30.0415],[110.6821,30.0538],[110.6864,30.0591],[110.651,30.0776],[110.5976,30.0544],[110.5313,30.0611],[110.5082,30.0504],[110.501,30.0552],[110.4998,30.0269],[110.4916,30.0197],[110.5201,30.0018],[110.5472,29.9996],[110.5572,29.9869],[110.5173,29.9614],[110.4981,29.9101],[110.5378,29.8968],[110.5357,29.8804],[110.55,29.848],[110.5754,29.8448],[110.5799,29.8359],[110.5978,29.84],[110.6184,29.8266],[110.6417,29.7704],[110.6318,29.7578],[110.5253,29.6935],[110.5071,29.6921],[110.4652,29.7131],[110.4494,29.6908],[110.447,29.6646],[110.4162,29.6617],[110.3726,29.6335],[110.3558,29.6388],[110.3395,29.6681],[110.2999,29.6624],[110.2899,29.6964],[110.2458,29.7322],[110.2199,29.7466],[110.1608,29.7538],[110.1135,29.7897],[110.0242,29.7696],[109.976,29.7681],[109.9471,29.7789],[109.9079,29.7642],[109.8698,29.7747],[109.8209,29.7699],[109.7559,29.7433],[109.7535,29.7341],[109.7716,29.721],[109.7602,29.7134],[109.7662,29.7029],[109.7601,29.6891],[109.715,29.6734],[109.7158,29.6495],[109.7012,29.6363],[109.7156,29.6131],[109.6635,29.5997],[109.6506,29.6116],[109.6521,29.6238],[109.6094,29.6345],[109.5754,29.6279],[109.5756,29.6199],[109.5587,29.6071],[109.5311,29.6156],[109.529,29.626],[109.5165,29.626],[109.5203,29.6085],[109.5145,29.6003],[109.5015,29.6054],[109.4959,29.5987],[109.5036,29.5978],[109.504,29.5886],[109.4887,29.5532],[109.467,29.56],[109.4618,29.5543],[109.4586,29.5305],[109.4652,29.5156],[109.4476,29.5207],[109.4465,29.5288],[109.431,29.529],[109.4313,29.5053],[109.4406,29.4932],[109.4349,29.489],[109.4183,29.498],[109.41,29.4906],[109.4051,29.4687],[109.4171,29.4548],[109.4032,29.4462],[109.4048,29.4344],[109.3949,29.4397],[109.3729,29.425],[109.3686,29.4114],[109.3853,29.3936],[109.382,29.3829],[109.3914,29.3722],[109.3688,29.3829],[109.344,29.3694],[109.3401,29.336],[109.3522,29.2846],[109.3151,29.2521],[109.2579,29.2226],[109.2761,29.2003],[109.2739,29.1726],[109.2615,29.161],[109.264,29.144],[109.2772,29.1341],[109.2742,29.1221],[109.226,29.1133],[109.235,29.0888],[109.3122,29.0664],[109.3196,29.0426],[109.2943,29.0145],[109.2848,28.9726],[109.2724,28.9709],[109.2617,28.953],[109.2569,28.9077],[109.2404,28.8927],[109.2341,28.8638],[109.2426,28.8511],[109.2458,28.813],[109.2413,28.7765],[109.2613,28.7749],[109.2562,28.7656],[109.3,28.7449],[109.2882,28.7273],[109.2947,28.7191],[109.2529,28.6915],[109.2709,28.6718],[109.1931,28.6362],[109.1814,28.6217],[109.2015,28.5984],[109.2355,28.6196],[109.2589,28.6056],[109.278,28.6123],[109.287,28.6268],[109.3001,28.6265],[109.3091,28.6076],[109.3045,28.6028],[109.3202,28.5798],[109.3047,28.579],[109.2889,28.5463],[109.2742,28.5389],[109.2803,28.5204],[109.272,28.514],[109.274,28.4881],[109.2608,28.4647],[109.2583,28.429],[109.2647,28.3925],[109.2766,28.3769],[109.2884,28.3743],[109.2686,28.3381],[109.2751,28.3127],[109.2976,28.2928],[109.2949,28.2786],[109.3149,28.2764],[109.341,28.2937],[109.3631,28.283],[109.3522,28.2685],[109.3769,28.2769],[109.3997,28.2693],[109.3676,28.2552],[109.3728,28.2484],[109.3568,28.2335],[109.3596,28.2204],[109.3405,28.1904],[109.3382,28.1418],[109.3144,28.1039],[109.2987,28.0325],[109.3253,28.0428],[109.3346,28.0622],[109.3705,28.0461],[109.3791,28.0331],[109.3649,28.0088],[109.3216,27.9918],[109.3202,27.971],[109.3018,27.9583],[109.3138,27.9333],[109.3119,27.9078],[109.3206,27.8956],[109.3219,27.868],[109.3376,27.8695],[109.3268,27.8586],[109.3455,27.8407],[109.3426,27.8007],[109.3312,27.7916],[109.3411,27.7902],[109.333,27.7828],[109.3643,27.7598],[109.363,27.745],[109.378,27.738],[109.3659,27.7222],[109.4126,27.7254],[109.43,27.7036],[109.4704,27.6803],[109.4562,27.6694],[109.4701,27.6288],[109.4512,27.586],[109.462,27.5656],[109.446,27.5624],[109.4336,27.5484],[109.405,27.5505],[109.3123,27.4862],[109.303,27.4756],[109.3069,27.4344],[109.2999,27.4239],[109.2455,27.4182],[109.2433,27.4296],[109.2137,27.4505],[109.2021,27.4501],[109.167,27.4178],[109.1562,27.4165],[109.1594,27.4423],[109.1404,27.4471],[109.1233,27.4286],[109.1233,27.4184],[109.1145,27.4249],[109.112,27.4137],[109.1245,27.4151],[109.1387,27.4303],[109.1422,27.4182],[109.1159,27.4001],[109.1248,27.3879],[109.1141,27.3524],[109.1011,27.3498],[109.1038,27.3371],[109.0744,27.3319],[109.0722,27.3236],[109.0521,27.3367],[109.0444,27.3311],[109.0539,27.2949],[109.0414,27.2766],[109.0239,27.2822],[109.0106,27.2705],[108.9872,27.2706],[108.9847,27.2563],[108.9634,27.2355],[108.9515,27.2361],[108.9143,27.2146],[108.9087,27.2043],[108.9257,27.1996],[108.9192,27.1935],[108.9298,27.1801],[108.9268,27.1609],[108.8876,27.1215],[108.8848,27.1085],[108.8599,27.1149],[108.8565,27.0981],[108.8244,27.0891],[108.8075,27.0986],[108.7922,27.0833],[108.8314,27.0578],[108.841,27.0631],[108.8547,27.032],[108.8685,27.031],[108.8777,27.0155],[108.8729,26.9999],[108.9185,27.0191],[108.9149,27.0259],[108.921,27.0298],[108.9214,27.0098],[108.9519,27.0188],[108.951,27.0369],[108.9404,27.0447],[109.0076,27.0802],[109.0325,27.1038],[109.0538,27.0983],[109.062,27.1104],[109.0647,27.1035],[109.0804,27.1165],[109.1114,27.1231],[109.1339,27.1178],[109.1092,27.0925],[109.1011,27.069],[109.1306,27.065],[109.1411,27.0736],[109.1635,27.0658],[109.1753,27.0872],[109.1855,27.0823],[109.1959,27.0913],[109.2481,27.1534],[109.2574,27.1506],[109.2643,27.1319],[109.2806,27.1271],[109.335,27.1391],[109.3337,27.1487],[109.3587,27.1529],[109.374,27.1478],[109.3769,27.1542],[109.3932,27.1438],[109.3928,27.1561],[109.4009,27.1596],[109.4003,27.1524],[109.4146,27.1541],[109.4279,27.126],[109.4409,27.1182],[109.4576,27.1333],[109.4727,27.1349],[109.4597,27.0936],[109.4621,27.0813],[109.4824,27.0811],[109.4817,27.0718],[109.4546,27.0694],[109.4871,27.054],[109.4962,27.0625],[109.488,27.0665],[109.4898,27.0786],[109.5185,27.0726],[109.5105,27.068],[109.5189,27.06],[109.5179,27.0432],[109.5413,27.0129],[109.5424,26.9964],[109.5321,26.9932],[109.5276,26.9772],[109.5368,26.9747],[109.5467,26.9846],[109.555,26.9469],[109.5336,26.9386],[109.5302,26.9275],[109.5141,26.9308],[109.4364,26.8926],[109.4448,26.8717],[109.4366,26.8625],[109.4575,26.8641],[109.4568,26.8732],[109.473,26.8848],[109.4742,26.8943],[109.4868,26.8953],[109.4908,26.8837],[109.5138,26.8743],[109.5131,26.8403],[109.4975,26.8153],[109.5175,26.7799],[109.5222,26.7494],[109.5539,26.7353],[109.5615,26.7423],[109.5581,26.7546],[109.5704,26.7479],[109.5803,26.7557],[109.5771,26.7706],[109.5964,26.7607],[109.5782,26.7333],[109.5473,26.7179],[109.546,26.7312],[109.5221,26.7492],[109.5046,26.7446],[109.4977,26.7601],[109.454,26.7612],[109.4178,26.7398],[109.414,26.7222],[109.3813,26.7274],[109.386,26.7121],[109.365,26.6962],[109.2837,26.6986],[109.3042,26.6631],[109.3341,26.6462],[109.3551,26.659],[109.3644,26.6335],[109.3913,26.6005],[109.3855,26.571],[109.399,26.571],[109.4087,26.5371],[109.3817,26.5185],[109.3855,26.4935],[109.364,26.4759],[109.3625,26.4662],[109.381,26.4617],[109.3736,26.4495],[109.3268,26.428],[109.2926,26.3453],[109.2773,26.34],[109.2714,26.3278],[109.2859,26.2958],[109.3257,26.2899],[109.3234,26.2824],[109.3398,26.2641],[109.3732,26.2782],[109.4426,26.2899],[109.4445,26.3031],[109.4666,26.3141],[109.4769,26.2993],[109.4588,26.2842],[109.4396,26.2388],[109.4524,26.2096],[109.4683,26.2032],[109.4704,26.1963],[109.4593,26.1941],[109.4762,26.1481],[109.4932,26.144],[109.4952,26.1526],[109.5141,26.1283],[109.5041,26.0968],[109.476,26.0995],[109.4666,26.0916],[109.4504,26.1019],[109.4476,26.0718],[109.4548,26.0531],[109.4791,26.0477],[109.4826,26.0296],[109.4964,26.0238],[109.5132,25.9981],[109.5403,26],[109.5454,26.0139],[109.5598,26.0215],[109.5883,26.0197],[109.635,26.0473],[109.646,26.042],[109.6493,26.0168],[109.6755,26.0151],[109.6901,26.0076],[109.6891,25.9983],[109.6981,25.9989],[109.7082,26.0136],[109.7232,26.0034],[109.7297,25.9915],[109.7236,25.9746],[109.71,25.9541],[109.6935,25.9592],[109.6903,25.9376],[109.6826,25.9339],[109.6793,25.9231],[109.6925,25.9099],[109.6925,25.898],[109.6806,25.8951],[109.6887,25.8883],[109.6852,25.8803],[109.7684,25.8903],[109.7648,25.8762],[109.7795,25.866],[109.8132,25.8798],[109.825,25.9229],[109.8104,25.9457],[109.8065,25.9736],[109.7847,25.9858],[109.7825,25.9972],[109.802,26.0344],[109.8146,26.041],[109.8563,26.0263],[109.8709,26.0333],[109.8882,26.088],[109.899,26.0952],[109.9072,26.1449],[109.9662,26.1955],[109.9844,26.18],[110.0167,26.1842],[110.0416,26.1625],[110.0516,26.1692],[110.0987,26.1691],[110.0944,26.1471],[110.1005,26.133],[110.0649,26.05],[110.101,26.0202],[110.1125,26.0348],[110.1564,26.0185],[110.1658,26.0238],[110.1817,26.0605],[110.2012,26.0661],[110.2121,26.0431],[110.2452,26.0223],[110.2513,26.0037],[110.2458,25.9686],[110.2617,25.9614],[110.3051,25.9673],[110.3255,25.9756],[110.3353,25.9925],[110.358,26.0465],[110.3533,26.0547],[110.3771,26.0944],[110.4741,26.1802],[110.4905,26.1656],[110.5175,26.1868],[110.5427,26.2211],[110.5552,26.2864],[110.5841,26.2969],[110.6123,26.3337],[110.6228,26.3301],[110.6258,26.3157],[110.6437,26.3085],[110.6672,26.3176],[110.6978,26.3087],[110.7095,26.2932],[110.7209,26.2942],[110.7418,26.3139],[110.75,26.2905],[110.7352,26.271],[110.7591,26.2487],[110.7823,26.2575],[110.8412,26.2573],[110.8556,26.2681],[110.9149,26.2763],[110.9243,26.263],[110.9216,26.2549],[110.93,26.2557],[110.9398,26.2867],[110.9254,26.3187],[110.9439,26.3267],[110.9505,26.357],[110.9448,26.3736],[110.9745,26.3856],[110.9919,26.3636],[111.0086,26.3589]]],[[[109.4669,26.8319],[109.4686,26.8265],[109.4821,26.835],[109.4669,26.8319]]],[[[112.9294,29.7741],[112.9379,29.7666],[112.9396,29.78],[112.9197,29.7997],[112.9012,29.8032],[112.8865,29.7964],[112.9294,29.7741]]],[[[109.5286,26.744],[109.5222,26.7494],[109.5221,26.7492],[109.5285,26.7439],[109.5286,26.744]]]]}},{"type":"Feature","properties":{"regionId":"jiangsu"},"geometry":{"type":"MultiPolygon","coordinates":[[[[118.4082,34.4355],[118.38,34.4155],[118.2907,34.4246],[118.2892,34.4123],[118.2774,34.4047],[118.2424,34.4057],[118.231,34.3987],[118.2203,34.4059],[118.2177,34.3791],[118.1896,34.3806],[118.1834,34.3903],[118.1793,34.3794],[118.1704,34.3814],[118.1778,34.4532],[118.1329,34.4834],[118.1416,34.4969],[118.165,34.5049],[118.1847,34.5442],[118.1407,34.554],[118.1372,34.5632],[118.1272,34.5554],[118.079,34.5698],[118.1147,34.6144],[118.0946,34.6366],[118.1027,34.6477],[118.084,34.6559],[118.0539,34.6509],[118.0207,34.6604],[118.0182,34.647],[118.0079,34.6475],[118.0074,34.6561],[117.9908,34.6617],[117.9917,34.6701],[117.9633,34.6785],[117.9517,34.6785],[117.9397,34.6648],[117.9097,34.6702],[117.9031,34.6446],[117.7936,34.6518],[117.7985,34.6219],[117.7914,34.5851],[117.8017,34.5188],[117.6845,34.5473],[117.682,34.5296],[117.6591,34.501],[117.6292,34.4885],[117.6097,34.4905],[117.5923,34.4625],[117.5698,34.4631],[117.5478,34.4752],[117.5383,34.4672],[117.4933,34.4726],[117.4874,34.4663],[117.4867,34.482],[117.4665,34.4847],[117.4394,34.52],[117.4267,34.5252],[117.4245,34.537],[117.4038,34.5469],[117.4026,34.5694],[117.3744,34.5842],[117.3649,34.5777],[117.3529,34.5841],[117.3337,34.5727],[117.319,34.5736],[117.3181,34.5662],[117.3309,34.568],[117.333,34.5618],[117.303,34.5589],[117.3084,34.5719],[117.2728,34.5567],[117.2892,34.5559],[117.3034,34.5484],[117.3027,34.5414],[117.2681,34.5328],[117.2744,34.5035],[117.2593,34.4971],[117.2675,34.48],[117.2636,34.4726],[117.2524,34.4865],[117.2427,34.4785],[117.2551,34.4726],[117.2479,34.4511],[117.2223,34.4506],[117.2002,34.4416],[117.1995,34.4345],[117.166,34.4347],[117.1394,34.5267],[117.1513,34.5593],[117.1476,34.5703],[117.1039,34.649],[117.073,34.6391],[117.0623,34.6577],[117.0617,34.6757],[117.0774,34.6965],[117.0705,34.7137],[117.0219,34.7592],[116.9956,34.7583],[116.9679,34.773],[116.9658,34.7851],[116.9516,34.7946],[116.9511,34.8106],[116.9791,34.815],[116.9661,34.8445],[116.9289,34.8429],[116.9337,34.8619],[116.9768,34.8685],[116.9452,34.8768],[116.9221,34.8714],[116.9223,34.8945],[116.8761,34.9125],[116.8581,34.9284],[116.8222,34.9293],[116.8159,34.9653],[116.8058,34.9684],[116.8122,34.928],[116.7989,34.9285],[116.802,34.9705],[116.7891,34.9751],[116.7891,34.9598],[116.7816,34.9619],[116.7855,34.9473],[116.7976,34.9388],[116.787,34.9405],[116.7812,34.9166],[116.678,34.9392],[116.6579,34.929],[116.6318,34.9407],[116.6225,34.94],[116.6139,34.9228],[116.5601,34.9093],[116.4451,34.8954],[116.408,34.8507],[116.4032,34.7563],[116.3657,34.7428],[116.3638,34.7152],[116.3771,34.7181],[116.3927,34.7039],[116.3644,34.6518],[116.3706,34.6422],[116.3826,34.6386],[116.4305,34.6508],[116.4328,34.6302],[116.4772,34.6151],[116.4914,34.5889],[116.4904,34.5733],[116.5262,34.5534],[116.5207,34.5432],[116.548,34.5429],[116.5952,34.5115],[116.599,34.5001],[116.5924,34.4938],[116.5686,34.4925],[116.7606,34.4626],[116.7737,34.4535],[116.7821,34.4311],[116.8281,34.3892],[116.867,34.3922],[116.9092,34.4083],[116.9693,34.3888],[116.9612,34.3633],[116.9808,34.3581],[116.983,34.3458],[116.9693,34.3231],[116.9763,34.3049],[116.969,34.2837],[117.0189,34.2555],[117.0208,34.2433],[117.0453,34.2478],[117.0496,34.2424],[117.0472,34.2058],[117.0253,34.1677],[117.0384,34.1674],[117.0471,34.1514],[117.09,34.1457],[117.1064,34.1304],[117.1238,34.1282],[117.1303,34.1018],[117.158,34.0987],[117.1514,34.0837],[117.1927,34.0687],[117.2121,34.0747],[117.2247,34.0642],[117.2576,34.0659],[117.277,34.0789],[117.3115,34.0681],[117.3195,34.0844],[117.3434,34.0806],[117.3571,34.0882],[117.3778,34.0715],[117.3711,34.0607],[117.3882,34.0556],[117.4156,34.0259],[117.5148,34.0609],[117.5453,34.0352],[117.5447,34.0136],[117.5758,33.9829],[117.6167,34.0049],[117.6102,34.0293],[117.6297,34.0287],[117.6663,33.9987],[117.6713,33.9867],[117.663,33.9687],[117.6726,33.935],[117.7036,33.8878],[117.7154,33.8792],[117.7408,33.892],[117.7587,33.8857],[117.7462,33.8237],[117.7525,33.8129],[117.749,33.7916],[117.7418,33.7628],[117.7247,33.7496],[117.7235,33.739],[117.7527,33.7115],[117.8056,33.7362],[117.8484,33.736],[117.9017,33.7201],[117.9005,33.7357],[117.9158,33.7384],[117.9368,33.7294],[117.9527,33.7382],[117.9655,33.7635],[117.9725,33.7499],[118.0188,33.7458],[118.0199,33.7387],[118.0656,33.7658],[118.118,33.7665],[118.1335,33.7514],[118.1853,33.7449],[118.1778,33.7361],[118.1609,33.7353],[118.1533,33.7202],[118.1677,33.715],[118.1681,33.6637],[118.1123,33.6171],[118.1173,33.5917],[118.1084,33.53],[118.0991,33.5294],[118.108,33.5202],[118.1081,33.4751],[118.0506,33.492],[118.0286,33.4584],[118.0168,33.4067],[118.0282,33.3906],[118.0293,33.3723],[117.9955,33.3471],[117.9716,33.3493],[117.9754,33.3357],[117.9924,33.3331],[117.9833,33.2968],[117.9742,33.2797],[117.9394,33.2626],[117.948,33.2521],[117.939,33.2343],[117.9424,33.2251],[117.9774,33.2263],[117.9935,33.2113],[117.9809,33.2002],[117.9892,33.1796],[118.0039,33.177],[118.0367,33.1525],[118.0382,33.1352],[118.149,33.1695],[118.16,33.181],[118.1563,33.1955],[118.1782,33.218],[118.2116,33.1991],[118.2237,33.1555],[118.2196,33.1141],[118.2097,33.1043],[118.2209,33.1059],[118.2213,33.0876],[118.2029,33.0881],[118.2237,33.0834],[118.2276,33.0695],[118.2149,33.0708],[118.2124,33.0619],[118.2334,33.06],[118.2524,32.9821],[118.2694,32.9692],[118.3038,32.9687],[118.3096,32.959],[118.2354,32.9265],[118.2506,32.8484],[118.2846,32.8573],[118.2896,32.8455],[118.3017,32.8462],[118.2979,32.8321],[118.3066,32.8106],[118.2944,32.8001],[118.2988,32.7856],[118.3223,32.7775],[118.3264,32.7635],[118.3488,32.773],[118.3662,32.7683],[118.3723,32.7417],[118.3663,32.735],[118.3753,32.719],[118.4229,32.7181],[118.4505,32.7434],[118.4593,32.7261],[118.4835,32.7214],[118.5597,32.7299],[118.5766,32.7191],[118.6394,32.7448],[118.7072,32.7203],[118.7563,32.7371],[118.7527,32.7558],[118.7379,32.7733],[118.7369,32.7934],[118.7468,32.8004],[118.7418,32.8534],[118.7479,32.8587],[118.791,32.8484],[118.8117,32.855],[118.8062,32.8702],[118.8122,32.9169],[118.819,32.9206],[118.8369,32.9114],[118.849,32.9272],[118.8425,32.9437],[118.8494,32.9459],[118.8493,32.9566],[118.8847,32.9606],[118.8962,32.9577],[118.8932,32.9409],[118.9338,32.9386],[118.9936,32.9582],[119.0208,32.9558],[119.03,32.9279],[119.0198,32.9257],[119.0156,32.9075],[119.045,32.9114],[119.0551,32.8748],[119.1043,32.8267],[119.1849,32.8256],[119.2082,32.7405],[119.2087,32.6415],[119.2202,32.6296],[119.2205,32.6099],[119.231,32.6071],[119.2201,32.5924],[119.2202,32.5766],[119.2093,32.5736],[119.1937,32.5792],[119.1872,32.5999],[119.177,32.5938],[119.1752,32.5711],[119.1538,32.5619],[119.1678,32.5363],[119.1556,32.5281],[119.1423,32.4994],[119.1478,32.4927],[119.1345,32.4916],[119.0851,32.4527],[119.0675,32.4624],[119.0628,32.4846],[119.0433,32.5028],[119.0414,32.5148],[119.0192,32.518],[118.9975,32.5039],[118.9798,32.5039],[118.9366,32.5575],[118.9198,32.5573],[118.914,32.5488],[118.8879,32.5549],[118.8986,32.5605],[118.8964,32.5773],[118.9093,32.5869],[118.902,32.589],[118.8485,32.5682],[118.827,32.5727],[118.8205,32.6042],[118.8018,32.5843],[118.7847,32.5824],[118.7748,32.5877],[118.7758,32.5978],[118.7575,32.604],[118.7407,32.5894],[118.726,32.5965],[118.7253,32.6082],[118.698,32.6064],[118.7008,32.5885],[118.6584,32.5948],[118.633,32.579],[118.6238,32.5924],[118.5981,32.6013],[118.5695,32.5864],[118.5637,32.5644],[118.6089,32.537],[118.6048,32.523],[118.6175,32.5124],[118.608,32.5017],[118.5925,32.5002],[118.5967,32.4766],[118.6281,32.4677],[118.6477,32.4765],[118.6893,32.4735],[118.6889,32.4182],[118.6787,32.3939],[118.6902,32.3783],[118.6989,32.3831],[118.702,32.3579],[118.6929,32.3517],[118.7079,32.3384],[118.7032,32.329],[118.6839,32.3241],[118.6964,32.3177],[118.6603,32.3054],[118.6708,32.2856],[118.6593,32.2661],[118.6751,32.2559],[118.6441,32.21],[118.6266,32.2025],[118.5517,32.1996],[118.5219,32.1882],[118.5098,32.1943],[118.5065,32.1821],[118.4956,32.1771],[118.5074,32.1379],[118.5006,32.1417],[118.4947,32.131],[118.5008,32.1216],[118.473,32.1148],[118.4629,32.1006],[118.4335,32.0867],[118.4055,32.0808],[118.385,32.0608],[118.3943,32.0484],[118.386,32.0331],[118.4015,32.0187],[118.3896,32.0121],[118.3872,31.9833],[118.3767,31.9817],[118.38,31.9683],[118.369,31.9562],[118.3644,31.9302],[118.4723,31.8796],[118.4667,31.858],[118.5047,31.8417],[118.4822,31.7783],[118.5026,31.7783],[118.5107,31.7656],[118.5236,31.762],[118.5339,31.7672],[118.5387,31.7494],[118.5294,31.7486],[118.5298,31.7424],[118.5531,31.729],[118.5717,31.7463],[118.5931,31.7444],[118.6094,31.7572],[118.6191,31.7501],[118.627,31.7594],[118.6417,31.7582],[118.6484,31.7488],[118.6417,31.744],[118.6521,31.7398],[118.654,31.7301],[118.6849,31.7249],[118.6977,31.7094],[118.6433,31.6714],[118.6436,31.6497],[118.6578,31.6411],[118.7169,31.6395],[118.7194,31.6275],[118.736,31.6334],[118.7481,31.6758],[118.7741,31.6826],[118.799,31.6664],[118.783,31.6563],[118.8028,31.6195],[118.8328,31.6304],[118.8586,31.624],[118.8688,31.6111],[118.8708,31.5993],[118.8623,31.595],[118.8773,31.5899],[118.8733,31.5784],[118.882,31.5652],[118.8735,31.5321],[118.8863,31.5277],[118.8661,31.4449],[118.8696,31.4216],[118.8511,31.3925],[118.8295,31.3775],[118.7676,31.364],[118.7654,31.3879],[118.7546,31.3851],[118.7211,31.3227],[118.7196,31.2948],[118.7044,31.3028],[118.7079,31.2968],[118.7266,31.2822],[118.7614,31.2777],[118.7786,31.2617],[118.7814,31.2398],[118.7957,31.2294],[118.8195,31.236],[118.8313,31.2295],[118.8697,31.2422],[118.8912,31.238],[118.9152,31.2442],[118.9842,31.2375],[118.9865,31.2312],[119.0145,31.2415],[119.0488,31.2336],[119.0623,31.2385],[119.0738,31.2329],[119.0837,31.2397],[119.1053,31.2353],[119.107,31.2506],[119.1498,31.2769],[119.1582,31.2948],[119.1762,31.2939],[119.1811,31.3005],[119.1995,31.2936],[119.1972,31.2735],[119.2042,31.2657],[119.2153,31.2741],[119.2181,31.2648],[119.2386,31.2547],[119.2614,31.2613],[119.267,31.2504],[119.3149,31.2657],[119.3375,31.2589],[119.3502,31.2809],[119.3502,31.301],[119.3566,31.3033],[119.3716,31.2716],[119.3797,31.2694],[119.3601,31.2121],[119.3658,31.1959],[119.3792,31.1892],[119.3949,31.1996],[119.4057,31.1928],[119.3893,31.1883],[119.3912,31.1745],[119.4154,31.173],[119.4235,31.1819],[119.4606,31.1564],[119.4758,31.1589],[119.4825,31.1525],[119.4945,31.164],[119.5144,31.1561],[119.5326,31.1591],[119.5602,31.1407],[119.582,31.1087],[119.5998,31.1092],[119.6137,31.1292],[119.6381,31.1355],[119.6418,31.1484],[119.6637,31.166],[119.678,31.1682],[119.7039,31.1519],[119.7131,31.1676],[119.7793,31.1788],[119.7934,31.1681],[119.7913,31.1566],[119.8099,31.1485],[119.8297,31.1614],[119.8265,31.1732],[119.8783,31.1608],[119.92,31.1709],[119.9368,31.1465],[119.9463,31.1062],[119.9885,31.0592],[120.0017,31.0271],[120.0524,31.0057],[120.1351,30.9419],[120.2507,30.9262],[120.3711,30.9488],[120.3595,30.9319],[120.3569,30.9089],[120.3647,30.8805],[120.4235,30.9031],[120.418,30.9256],[120.435,30.9208],[120.4395,30.8852],[120.4523,30.8679],[120.4413,30.8563],[120.4604,30.8398],[120.4553,30.8168],[120.4772,30.8],[120.4894,30.7634],[120.5044,30.758],[120.5638,30.8355],[120.5889,30.8544],[120.603,30.8489],[120.6442,30.8554],[120.6554,30.8475],[120.6587,30.8653],[120.6631,30.8613],[120.6828,30.8826],[120.6999,30.8678],[120.7025,30.884],[120.7133,30.8851],[120.7127,30.9197],[120.6976,30.9504],[120.6845,30.9552],[120.6982,30.9708],[120.7256,30.9715],[120.7459,30.9625],[120.7702,30.9781],[120.77,30.9966],[120.8029,31.0054],[120.8209,31.0064],[120.8474,30.9896],[120.8656,30.9898],[120.8914,31.0037],[120.9013,31.0175],[120.8946,31.0539],[120.9021,31.0857],[120.8568,31.1028],[120.8813,31.1347],[120.9304,31.1414],[120.9839,31.1317],[121.0185,31.1341],[121.0257,31.1408],[121.0418,31.1389],[121.0415,31.1498],[121.0657,31.1486],[121.077,31.1584],[121.0626,31.2247],[121.0633,31.2679],[121.0804,31.2701],[121.0901,31.2919],[121.1055,31.2737],[121.115,31.2853],[121.143,31.2755],[121.1613,31.284],[121.1438,31.3097],[121.1299,31.3026],[121.1304,31.3442],[121.1083,31.3506],[121.1093,31.3647],[121.1202,31.3687],[121.1138,31.3745],[121.1485,31.3854],[121.1438,31.3923],[121.1588,31.4101],[121.1463,31.4211],[121.1643,31.4272],[121.1627,31.4322],[121.1469,31.4372],[121.1473,31.4439],[121.1861,31.4543],[121.2144,31.4791],[121.2303,31.4774],[121.2347,31.4927],[121.2409,31.4937],[121.2471,31.4771],[121.2986,31.4915],[121.3103,31.5059],[121.3199,31.4997],[121.3435,31.512],[121.3722,31.5532],[121.2891,31.6163],[121.1453,31.7539],[121.1185,31.7591],[121.2003,31.8351],[121.2656,31.8641],[121.3019,31.8727],[121.3231,31.8685],[121.385,31.8336],[121.4315,31.7693],[121.4986,31.7532],[121.5997,31.7031],[121.9752,31.617],[121.9703,31.7189],[121.8891,31.8666],[121.856,31.9552],[121.7724,32.0332],[121.759,32.0594],[121.5444,32.123],[121.5255,32.1365],[121.5423,32.1521],[121.5031,32.1701],[121.4731,32.1698],[121.4586,32.1777],[121.4615,32.1937],[121.4996,32.2112],[121.4939,32.2635],[121.4502,32.2823],[121.4405,32.3661],[121.4174,32.4431],[121.3519,32.4743],[121.2695,32.4834],[121.1531,32.5293],[121.122,32.5693],[121.0769,32.5764],[121.0205,32.6055],[120.9617,32.6122],[120.9796,32.6363],[120.976,32.6584],[120.9636,32.6824],[120.9159,32.7012],[120.915,32.7117],[120.9529,32.7141],[120.9719,32.7612],[120.9787,32.8757],[120.9576,32.8935],[120.9326,33.0059],[120.9178,33.0258],[120.8718,33.0472],[120.8741,33.0936],[120.8438,33.2098],[120.8468,33.2199],[120.843,33.2296],[120.8195,33.2382],[120.8326,33.2821],[120.8137,33.3034],[120.7693,33.3068],[120.741,33.3376],[120.7175,33.4367],[120.6802,33.5203],[120.65,33.5773],[120.5838,33.6685],[120.5345,33.7826],[120.4855,33.8592],[120.3676,34.0914],[120.3475,34.1792],[120.3143,34.2558],[120.3116,34.307],[120.1037,34.3916],[119.9625,34.4589],[119.8116,34.4856],[119.7818,34.5158],[119.6414,34.569],[119.6253,34.5859],[119.5849,34.6013],[119.5607,34.6315],[119.5371,34.6338],[119.465,34.6747],[119.4746,34.6961],[119.4918,34.6955],[119.4925,34.7115],[119.508,34.711],[119.5257,34.7333],[119.5084,34.7292],[119.4571,34.7482],[119.3818,34.7524],[119.3783,34.7614],[119.4443,34.7584],[119.4682,34.7482],[119.4884,34.7479],[119.4971,34.7595],[119.4595,34.7711],[119.4562,34.7798],[119.4383,34.7843],[119.4407,34.7692],[119.3785,34.7645],[119.355,34.7758],[119.3244,34.7704],[119.2722,34.7978],[119.2386,34.7996],[119.2136,34.8339],[119.2204,34.8412],[119.2105,34.8623],[119.2138,34.8767],[119.2024,34.8904],[119.2127,34.9178],[119.2114,34.9817],[119.2326,35.0418],[119.2794,35.0711],[119.2854,35.0685],[119.2811,35.0537],[119.2918,35.0285],[119.3072,35.0331],[119.2927,35.0685],[119.3059,35.0767],[119.3018,35.0932],[119.2867,35.1151],[119.2527,35.1227],[119.2407,35.1229],[119.2207,35.1072],[119.1714,35.1072],[119.1381,35.0963],[119.1146,35.055],[119.0272,35.0553],[118.9452,35.0408],[118.9265,35.0508],[118.8653,35.0299],[118.8608,34.944],[118.8072,34.8777],[118.7973,34.8429],[118.769,34.8461],[118.782,34.8275],[118.7736,34.7953],[118.7375,34.7921],[118.7284,34.7869],[118.7402,34.7812],[118.7385,34.7669],[118.7164,34.7638],[118.7165,34.7477],[118.7401,34.7369],[118.7685,34.7381],[118.7834,34.722],[118.7662,34.7052],[118.704,34.6888],[118.6903,34.6786],[118.6643,34.6934],[118.6337,34.687],[118.6049,34.6965],[118.6013,34.7142],[118.5461,34.7062],[118.5252,34.7126],[118.5227,34.6923],[118.5008,34.6752],[118.4685,34.6743],[118.4609,34.6576],[118.4749,34.6372],[118.4738,34.6234],[118.4543,34.6177],[118.4392,34.6263],[118.4239,34.5929],[118.4395,34.508],[118.4162,34.4739],[118.4082,34.4355]]],[[[118.8658,31.519],[118.8564,31.5223],[118.8467,31.503],[118.8658,31.519]]],[[[121.4038,32.5306],[121.4027,32.5215],[121.4352,32.52],[121.4365,32.5293],[121.4038,32.5306]]]]}},{"type":"Feature","properties":{"regionId":"jiangxi"},"geometry":{"type":"MultiPolygon","coordinates":[[[[117.4464,27.9327],[117.4629,27.9413],[117.4719,27.9316],[117.5049,27.9543],[117.5114,27.9745],[117.5307,27.9817],[117.5332,27.9733],[117.5581,27.9649],[117.5696,27.9353],[117.5792,27.9457],[117.5868,27.9423],[117.5862,27.9056],[117.6036,27.8859],[117.6026,27.8695],[117.6657,27.8434],[117.6825,27.8237],[117.7056,27.833],[117.731,27.8035],[117.742,27.8012],[117.7881,27.8558],[117.7855,27.8927],[117.856,27.9459],[117.8666,27.9378],[117.9122,27.9501],[117.9203,27.9634],[117.9428,27.9741],[117.9652,27.9626],[117.9857,27.9716],[117.9981,27.9912],[118.0066,27.9804],[118.0343,27.9882],[118.0465,27.9785],[118.0609,27.9827],[118.0742,27.9675],[118.0899,27.965],[118.097,27.9676],[118.0933,27.9998],[118.1059,28.017],[118.1291,28.0172],[118.1208,28.0418],[118.1351,28.0537],[118.1538,28.0618],[118.1997,28.05],[118.2425,28.0755],[118.256,28.0696],[118.2749,28.083],[118.3081,28.0894],[118.342,28.0848],[118.3562,28.0917],[118.3568,28.1239],[118.3684,28.1291],[118.3593,28.1506],[118.3792,28.1673],[118.3726,28.1888],[118.3397,28.1938],[118.3149,28.2229],[118.3435,28.2346],[118.3504,28.2503],[118.3735,28.2659],[118.4611,28.3013],[118.4819,28.321],[118.4551,28.384],[118.4318,28.3984],[118.4593,28.4298],[118.463,28.4552],[118.4808,28.4674],[118.4722,28.4794],[118.4566,28.477],[118.4382,28.493],[118.415,28.4974],[118.4455,28.5133],[118.4258,28.5237],[118.4207,28.5447],[118.4281,28.5474],[118.4134,28.5551],[118.4095,28.5687],[118.4232,28.585],[118.4136,28.6064],[118.4338,28.626],[118.4221,28.6464],[118.4326,28.6516],[118.4329,28.6765],[118.4022,28.703],[118.3915,28.7005],[118.3925,28.7104],[118.4018,28.7142],[118.3924,28.7388],[118.396,28.7551],[118.3871,28.755],[118.3833,28.7873],[118.3703,28.8094],[118.3106,28.822],[118.2953,28.8352],[118.3043,28.8401],[118.288,28.864],[118.2698,28.9186],[118.2568,28.9236],[118.1994,28.903],[118.1935,28.9083],[118.2278,28.9424],[118.1994,28.9546],[118.1866,28.9769],[118.1638,28.9863],[118.1482,28.9856],[118.1479,28.9778],[118.1334,28.9843],[118.1257,28.9962],[118.1323,29.0087],[118.1271,29.0161],[118.1138,29.009],[118.11,28.9918],[118.0999,28.9904],[118.1107,29.0037],[118.1071,29.012],[118.0971,28.9988],[118.0881,29.0294],[118.0722,29.039],[118.067,29.054],[118.0769,29.0629],[118.0758,29.0746],[118.0459,29.0888],[118.038,29.1019],[118.0531,29.1162],[118.0389,29.1263],[118.045,29.1491],[118.0284,29.1692],[118.0425,29.2103],[118.0514,29.2176],[118.0733,29.217],[118.082,29.2346],[118.0719,29.287],[118.1051,29.2849],[118.1159,29.2937],[118.1361,29.2839],[118.1529,29.2863],[118.1766,29.2974],[118.1666,29.3139],[118.2078,29.3476],[118.2088,29.3775],[118.192,29.3917],[118.1927,29.4028],[118.1361,29.4189],[118.1295,29.4326],[118.1386,29.4377],[118.138,29.4549],[118.1277,29.4721],[118.1438,29.4898],[118.143,29.4998],[118.1034,29.5307],[118.0507,29.5432],[118.0429,29.5663],[118.0141,29.5773],[117.9946,29.5732],[117.9847,29.5617],[117.9649,29.5699],[117.9387,29.5496],[117.9208,29.5545],[117.8765,29.5462],[117.8164,29.5739],[117.7709,29.5571],[117.7531,29.5604],[117.7077,29.549],[117.6905,29.5559],[117.679,29.5955],[117.669,29.597],[117.6614,29.6118],[117.648,29.6149],[117.5865,29.5847],[117.546,29.5942],[117.5434,29.5886],[117.5234,29.6292],[117.5305,29.6541],[117.5189,29.6629],[117.4938,29.6595],[117.4742,29.6683],[117.4519,29.696],[117.4551,29.7491],[117.4347,29.7612],[117.4091,29.8026],[117.4248,29.8346],[117.4188,29.8504],[117.3841,29.8436],[117.376,29.8181],[117.3562,29.8137],[117.3333,29.8506],[117.303,29.8404],[117.2925,29.8228],[117.2574,29.8312],[117.2494,29.8461],[117.2618,29.8807],[117.2537,29.909],[117.2171,29.9269],[117.1776,29.922],[117.1347,29.9038],[117.128,29.8955],[117.1331,29.8743],[117.1277,29.8616],[117.0928,29.8369],[117.0733,29.8322],[117.0961,29.8075],[117.128,29.7958],[117.1356,29.7809],[117.1355,29.772],[117.1087,29.752],[117.1225,29.7285],[117.113,29.7121],[117.0421,29.6809],[116.996,29.6834],[116.9746,29.6576],[116.9396,29.6483],[116.8735,29.6093],[116.8489,29.5764],[116.8184,29.5648],[116.7834,29.5684],[116.7795,29.5777],[116.787,29.5913],[116.7605,29.5991],[116.7216,29.565],[116.7165,29.5908],[116.689,29.6041],[116.6519,29.6372],[116.6803,29.6826],[116.6567,29.6863],[116.6541,29.6947],[116.668,29.7003],[116.6871,29.7348],[116.7393,29.7742],[116.7459,29.7903],[116.7625,29.8025],[116.7898,29.7951],[116.8124,29.8117],[116.8307,29.8415],[116.8827,29.8935],[116.9001,29.9495],[116.8879,29.9688],[116.8687,29.9805],[116.8354,29.9702],[116.8348,29.9574],[116.8265,29.9768],[116.8295,30.0065],[116.8028,29.9965],[116.7645,30.0489],[116.7474,30.0572],[116.7203,30.0539],[116.6669,30.0767],[116.611,30.0707],[116.5861,30.0463],[116.5713,30.0144],[116.5587,29.9243],[116.5415,29.9016],[116.4677,29.8962],[116.3431,29.8357],[116.3123,29.809],[116.2615,29.7821],[116.2081,29.8275],[116.1673,29.8274],[116.1071,29.8083],[116.0496,29.7619],[115.9437,29.7212],[115.9098,29.7242],[115.8372,29.7485],[115.6831,29.8478],[115.5116,29.8403],[115.5058,29.8224],[115.4793,29.8113],[115.4666,29.7663],[115.472,29.7426],[115.3598,29.6465],[115.3293,29.6461],[115.2859,29.6186],[115.2668,29.6323],[115.2686,29.6583],[115.1766,29.6548],[115.1552,29.6586],[115.1222,29.6862],[115.1077,29.6794],[115.109,29.6631],[115.1423,29.6516],[115.1323,29.6323],[115.1316,29.6019],[115.121,29.5952],[115.1336,29.59],[115.1709,29.5957],[115.1725,29.5891],[115.1578,29.5848],[115.1535,29.5756],[115.154,29.5104],[115.1247,29.5097],[115.0866,29.523],[115.0995,29.5502],[115.0876,29.56],[115.0331,29.5468],[115.0005,29.5721],[114.9944,29.5629],[114.9802,29.5643],[114.9478,29.5429],[114.9487,29.5253],[114.9687,29.5157],[114.9576,29.5005],[114.9392,29.4943],[114.9256,29.4989],[114.9217,29.5211],[114.9186,29.5103],[114.9006,29.506],[114.9084,29.52],[114.9012,29.53],[114.8851,29.4951],[114.8605,29.4761],[114.8763,29.4682],[114.8885,29.4361],[114.918,29.4545],[114.9053,29.4729],[114.9232,29.4849],[114.9358,29.4865],[114.9349,29.4754],[114.9469,29.4624],[114.9311,29.446],[114.9267,29.4162],[114.913,29.4217],[114.8943,29.3967],[114.877,29.3916],[114.8778,29.3994],[114.8663,29.4046],[114.8052,29.3817],[114.7846,29.3862],[114.7689,29.3788],[114.76,29.3631],[114.7407,29.3668],[114.7407,29.3864],[114.7328,29.3942],[114.6733,29.3962],[114.6485,29.382],[114.6218,29.3801],[114.5927,29.3546],[114.5025,29.3238],[114.4573,29.3255],[114.4552,29.3359],[114.443,29.3396],[114.4501,29.3446],[114.4439,29.3491],[114.44,29.3416],[114.3989,29.3369],[114.3758,29.3229],[114.3449,29.3253],[114.3238,29.3578],[114.3069,29.3653],[114.259,29.344],[114.2614,29.3176],[114.2516,29.3017],[114.2612,29.2911],[114.2463,29.2652],[114.2523,29.2348],[114.2243,29.2354],[114.1797,29.2147],[114.0632,29.2049],[114.0598,29.1862],[114.0411,29.1704],[114.0348,29.1523],[113.9872,29.1262],[113.9734,29.1021],[113.9526,29.0927],[113.9519,29.0643],[113.942,29.0474],[113.9462,29.018],[113.9615,28.9969],[113.9557,28.9784],[113.9667,28.9443],[113.9738,28.9379],[114.009,28.9553],[114.0054,28.9178],[114.024,28.9077],[114.0283,28.8912],[114.0406,28.9066],[114.0601,28.9024],[114.0668,28.8845],[114.0564,28.8706],[114.0597,28.8497],[114.0804,28.8332],[114.1249,28.8433],[114.1344,28.827],[114.1495,28.8351],[114.1539,28.8294],[114.152,28.8016],[114.1375,28.7797],[114.1572,28.7615],[114.1493,28.7238],[114.14,28.703],[114.1282,28.701],[114.1224,28.6895],[114.1331,28.6717],[114.1328,28.6418],[114.1223,28.6233],[114.1321,28.6072],[114.0862,28.5583],[114.1006,28.5403],[114.1381,28.5337],[114.1546,28.5076],[114.1747,28.4974],[114.1956,28.4985],[114.2188,28.4826],[114.2193,28.4705],[114.1724,28.4328],[114.1934,28.4309],[114.2281,28.3954],[114.256,28.3921],[114.2581,28.3729],[114.2506,28.3681],[114.2601,28.3557],[114.2471,28.3381],[114.2555,28.3266],[114.2157,28.294],[114.1981,28.2907],[114.1991,28.2725],[114.1846,28.2676],[114.1821,28.25],[114.145,28.2478],[114.1438,28.2382],[114.1066,28.2016],[114.1073,28.183],[114.0687,28.1717],[114.0123,28.1751],[113.9927,28.1614],[114.006,28.1448],[114.0173,28.1028],[114.0471,28.0575],[114.0276,28.0418],[114.0268,28.0318],[114.0006,28.0405],[113.9633,28.0396],[113.957,28.0284],[113.9663,28.0193],[113.9619,28.0152],[113.9306,28.0153],[113.9158,27.9935],[113.9002,27.9876],[113.8787,27.9919],[113.8695,28.0042],[113.8598,28.0017],[113.8466,27.972],[113.8268,27.9733],[113.8188,27.9815],[113.7973,27.9699],[113.7927,27.9551],[113.771,27.9527],[113.7534,27.9347],[113.728,27.876],[113.7563,27.8602],[113.7672,27.8082],[113.699,27.7411],[113.6963,27.7189],[113.6697,27.6949],[113.6592,27.672],[113.6072,27.6254],[113.6088,27.585],[113.5788,27.5452],[113.5834,27.5247],[113.6104,27.5145],[113.6219,27.5268],[113.6286,27.5122],[113.6144,27.4774],[113.592,27.4682],[113.5996,27.4503],[113.5977,27.4288],[113.6069,27.4175],[113.6206,27.4183],[113.6298,27.4011],[113.6027,27.3857],[113.6044,27.3655],[113.6167,27.3454],[113.6577,27.3474],[113.6722,27.3333],[113.6997,27.3321],[113.7228,27.349],[113.7436,27.3487],[113.7629,27.3609],[113.8229,27.3648],[113.8762,27.3821],[113.8729,27.3467],[113.8549,27.3023],[113.8691,27.2965],[113.8717,27.2848],[113.8599,27.2691],[113.8472,27.2225],[113.7794,27.1372],[113.7719,27.0964],[113.78,27.0871],[113.8076,27.0977],[113.8239,27.0361],[113.8385,27.035],[113.8481,27.0167],[113.8633,27.0185],[113.8715,26.9901],[113.8925,26.9648],[113.9214,26.96],[113.9264,26.9472],[113.9022,26.9258],[113.903,26.9107],[113.8914,26.8979],[113.8921,26.8605],[113.8774,26.8595],[113.8358,26.8064],[113.8535,26.7694],[113.8605,26.6641],[113.868,26.653],[113.8815,26.6544],[113.8849,26.6358],[113.9013,26.6279],[113.9064,26.6157],[113.9964,26.6156],[114.0177,26.5996],[114.0197,26.5874],[114.1081,26.575],[114.0727,26.4799],[114.1101,26.483],[114.0905,26.4557],[114.0854,26.4063],[114.0717,26.4098],[114.043,26.3903],[114.0319,26.3693],[114.0476,26.3374],[114.0356,26.3234],[114.0418,26.3095],[114.0212,26.283],[114.0293,26.2664],[113.9789,26.2378],[113.9701,26.2021],[113.9495,26.1927],[113.9512,26.1696],[113.9445,26.1638],[113.9627,26.1508],[114.0134,26.184],[114.0279,26.18],[114.0364,26.1886],[114.041,26.1774],[114.0553,26.1813],[114.0591,26.1661],[114.0886,26.1684],[114.1028,26.1878],[114.1813,26.2145],[114.1922,26.1967],[114.2168,26.2031],[114.2322,26.1799],[114.2185,26.1685],[114.2373,26.1522],[114.1889,26.1213],[114.171,26.1232],[114.1087,26.1003],[114.1202,26.0842],[114.1069,26.0694],[114.0856,26.0663],[114.0699,26.0785],[114.0438,26.0767],[114.0281,26.0311],[114.0085,26.0157],[114.0176,25.9929],[114.0271,25.9915],[114.0208,25.9544],[114.0314,25.9389],[114.0218,25.9192],[114.0283,25.8933],[113.9701,25.8339],[113.9617,25.7773],[113.9143,25.7287],[113.9138,25.7038],[113.9513,25.6376],[113.9496,25.6252],[113.9571,25.6119],[113.9831,25.5994],[113.9795,25.5733],[113.9924,25.5652],[113.9861,25.529],[113.9677,25.5305],[113.9459,25.4995],[113.9556,25.4966],[113.9521,25.487],[113.959,25.4837],[113.9399,25.4594],[113.9447,25.4417],[113.9619,25.4525],[113.9979,25.4442],[114.003,25.4328],[113.9831,25.413],[113.9877,25.4035],[114.0079,25.3972],[114.0108,25.3864],[114.0406,25.3912],[114.0451,25.384],[114.0244,25.374],[114.0479,25.3673],[114.0414,25.3607],[114.0514,25.3488],[114.0491,25.3419],[114.0367,25.3427],[114.0293,25.3283],[114.0561,25.3119],[114.0276,25.3018],[114.0146,25.2805],[114.0314,25.2636],[114.0291,25.2542],[114.0399,25.2508],[114.0559,25.2777],[114.0835,25.2755],[114.1156,25.3019],[114.1585,25.3136],[114.1736,25.3051],[114.1941,25.3174],[114.205,25.3102],[114.2052,25.2992],[114.257,25.2927],[114.271,25.3022],[114.3028,25.2908],[114.2957,25.2998],[114.3123,25.3118],[114.3048,25.3147],[114.3062,25.3341],[114.3382,25.3341],[114.3829,25.3171],[114.4301,25.3439],[114.448,25.3865],[114.4586,25.3878],[114.4778,25.3715],[114.4969,25.3776],[114.5088,25.3847],[114.5059,25.3987],[114.5404,25.417],[114.579,25.3976],[114.573,25.3845],[114.581,25.384],[114.5862,25.3959],[114.5998,25.3858],[114.5995,25.3594],[114.6116,25.3583],[114.6364,25.3245],[114.6571,25.3282],[114.6857,25.3137],[114.6922,25.3221],[114.7144,25.3154],[114.724,25.284],[114.7429,25.2746],[114.7494,25.2426],[114.7384,25.2401],[114.7383,25.232],[114.7484,25.2352],[114.7407,25.2262],[114.7262,25.2331],[114.7022,25.2212],[114.6939,25.2136],[114.6952,25.1952],[114.6802,25.1931],[114.6908,25.181],[114.6857,25.1732],[114.7026,25.1632],[114.7249,25.1628],[114.7362,25.1522],[114.7352,25.1213],[114.6651,25.1012],[114.6658,25.0911],[114.6401,25.0739],[114.6087,25.0759],[114.6047,25.0837],[114.5983,25.0711],[114.5849,25.0787],[114.5616,25.0776],[114.5411,25.0497],[114.5397,25.0316],[114.5327,25.0229],[114.5169,25.0245],[114.5061,25.0001],[114.4799,25.0058],[114.4562,24.9966],[114.4566,24.9785],[114.4237,24.9726],[114.4204,24.9562],[114.3959,24.9511],[114.4022,24.9285],[114.3908,24.9132],[114.4049,24.8927],[114.403,24.8776],[114.3779,24.8608],[114.3566,24.829],[114.3575,24.8187],[114.3424,24.8073],[114.3441,24.7896],[114.3339,24.7799],[114.3419,24.7637],[114.3358,24.7491],[114.2843,24.7274],[114.2725,24.7004],[114.2308,24.6977],[114.2103,24.6885],[114.1916,24.6942],[114.169,24.6897],[114.1898,24.658],[114.174,24.6559],[114.1746,24.6456],[114.2071,24.6539],[114.2316,24.6405],[114.2429,24.6454],[114.266,24.6309],[114.279,24.6316],[114.3086,24.5739],[114.3386,24.5834],[114.3511,24.5785],[114.3489,24.5883],[114.3563,24.59],[114.3561,24.5823],[114.3776,24.5649],[114.3917,24.5635],[114.3895,24.5343],[114.4034,24.5287],[114.4024,24.5018],[114.4223,24.4969],[114.4288,24.4863],[114.4699,24.5107],[114.4782,24.5269],[114.5342,24.559],[114.5467,24.5428],[114.5925,24.538],[114.6243,24.5757],[114.6386,24.5704],[114.6652,24.5837],[114.6865,24.5386],[114.6999,24.5371],[114.7052,24.5261],[114.7187,24.5542],[114.7266,24.5498],[114.7381,24.5651],[114.7326,24.6124],[114.7527,24.6162],[114.769,24.6057],[114.7827,24.6132],[114.8042,24.6054],[114.8263,24.5883],[114.8467,24.6025],[114.8592,24.5973],[114.8543,24.5825],[114.869,24.5624],[114.8933,24.5823],[114.9096,24.6615],[114.9197,24.6671],[114.9368,24.6654],[114.9374,24.6519],[115.0038,24.6792],[115.0249,24.6691],[115.0467,24.6888],[115.0549,24.7099],[115.0594,24.7028],[115.0829,24.7005],[115.092,24.6787],[115.1207,24.6643],[115.128,24.6702],[115.1256,24.6814],[115.1483,24.6898],[115.1952,24.6919],[115.1844,24.7114],[115.2246,24.7264],[115.259,24.7288],[115.2786,24.7541],[115.3067,24.7587],[115.3585,24.7351],[115.3725,24.7744],[115.3894,24.7744],[115.4013,24.7904],[115.413,24.7929],[115.451,24.7663],[115.4787,24.7611],[115.4829,24.7497],[115.5001,24.7411],[115.4965,24.7335],[115.5079,24.7165],[115.5237,24.7175],[115.5231,24.703],[115.5562,24.6827],[115.558,24.6476],[115.5707,24.6193],[115.5942,24.6152],[115.6087,24.6262],[115.6717,24.6047],[115.6852,24.5854],[115.6871,24.5706],[115.6782,24.5649],[115.6861,24.547],[115.718,24.5397],[115.7439,24.5437],[115.7851,24.5673],[115.8442,24.5627],[115.8489,24.57],[115.841,24.5841],[115.7968,24.6296],[115.7872,24.6306],[115.7825,24.6614],[115.7618,24.6681],[115.7796,24.6773],[115.7967,24.6745],[115.808,24.6976],[115.8012,24.7056],[115.7809,24.7021],[115.7692,24.7099],[115.7717,24.7263],[115.7567,24.7375],[115.7571,24.7499],[115.7767,24.7745],[115.7654,24.7938],[115.7808,24.8351],[115.7918,24.8387],[115.7856,24.8461],[115.7911,24.8551],[115.7826,24.8629],[115.8071,24.861],[115.8093,24.8929],[115.8243,24.9093],[115.8656,24.8904],[115.8599,24.8648],[115.907,24.8802],[115.8855,24.8988],[115.8784,24.9326],[115.8926,24.9371],[115.8702,24.9595],[115.8723,24.9721],[115.8829,24.9767],[115.895,24.9621],[115.9251,24.9608],[115.8992,24.9917],[115.882,24.995],[115.8747,25.0097],[115.8736,25.0199],[115.8882,25.0229],[115.8979,25.037],[115.9184,25.0387],[115.9283,25.0505],[115.9139,25.0607],[115.9194,25.0724],[115.9083,25.0845],[115.8801,25.0922],[115.8838,25.1032],[115.874,25.1219],[115.8883,25.129],[115.8759,25.1523],[115.8551,25.1532],[115.8533,25.1639],[115.8605,25.1659],[115.8534,25.1764],[115.8556,25.2094],[115.8705,25.2212],[115.8788,25.2143],[115.9017,25.2314],[115.9309,25.236],[115.9506,25.2718],[115.9516,25.2932],[115.9656,25.2869],[115.9776,25.2984],[115.9864,25.2908],[116,25.3015],[116.008,25.3215],[116.0009,25.3249],[116.0057,25.3308],[116.0001,25.3432],[115.9917,25.3451],[116,25.3577],[115.9928,25.3711],[116.008,25.3929],[116.002,25.4112],[116.0218,25.4206],[116.0122,25.4552],[116.0192,25.4742],[116.0072,25.4737],[116.0055,25.4904],[116.0158,25.5082],[116.0365,25.5148],[116.0353,25.5405],[116.0403,25.548],[116.0542,25.5469],[116.0629,25.5633],[116.052,25.5986],[116.041,25.607],[116.0469,25.617],[116.0416,25.6263],[116.0596,25.6392],[116.0671,25.6343],[116.0689,25.6464],[116.0576,25.6602],[116.0652,25.6761],[116.0567,25.6816],[116.0602,25.6949],[116.0677,25.6913],[116.0676,25.7041],[116.0826,25.6962],[116.1069,25.7011],[116.108,25.7218],[116.1296,25.7592],[116.1656,25.7664],[116.1659,25.7485],[116.1755,25.7495],[116.1816,25.7764],[116.1601,25.7987],[116.1593,25.8096],[116.1318,25.8243],[116.1307,25.8587],[116.1535,25.8768],[116.1698,25.877],[116.1777,25.8944],[116.192,25.901],[116.2236,25.9086],[116.2322,25.9004],[116.2583,25.903],[116.2683,25.9142],[116.3024,25.9226],[116.3263,25.9566],[116.37,25.9633],[116.361,26.0007],[116.3847,26.0307],[116.4001,26.0331],[116.4013,26.0461],[116.4182,26.0546],[116.4217,26.0656],[116.4893,26.1137],[116.4821,26.1601],[116.4715,26.1752],[116.4359,26.16],[116.4151,26.1598],[116.3925,26.1703],[116.3994,26.1899],[116.3971,26.2099],[116.3888,26.2059],[116.3931,26.2175],[116.3854,26.2382],[116.3956,26.2446],[116.3917,26.2566],[116.4017,26.2748],[116.4182,26.2792],[116.422,26.2915],[116.4131,26.298],[116.4371,26.3083],[116.4387,26.3213],[116.4593,26.3451],[116.4998,26.3614],[116.4983,26.3871],[116.5111,26.3912],[116.5194,26.4103],[116.5452,26.3973],[116.5536,26.4002],[116.5593,26.3856],[116.5537,26.3654],[116.6014,26.373],[116.6106,26.394],[116.6042,26.4158],[116.6107,26.4333],[116.628,26.4455],[116.6372,26.4661],[116.6381,26.4795],[116.6108,26.477],[116.5974,26.4853],[116.6012,26.4904],[116.589,26.498],[116.5988,26.5073],[116.5788,26.5216],[116.5796,26.5316],[116.539,26.5612],[116.5532,26.5758],[116.5688,26.6422],[116.5661,26.6501],[116.5505,26.6512],[116.5199,26.6848],[116.512,26.7082],[116.5151,26.721],[116.5586,26.7668],[116.5437,26.8039],[116.5487,26.84],[116.6021,26.8887],[116.633,26.934],[116.6793,26.9785],[116.7049,26.9909],[116.7341,26.9938],[116.7573,26.9844],[116.765,27.0004],[116.7823,27.0096],[116.8177,27.0185],[116.8513,27.0093],[116.8943,27.0327],[116.9277,27.0314],[116.9364,27.0193],[116.9676,27.0618],[117.0529,27.1003],[117.0458,27.1481],[117.0844,27.1828],[117.0971,27.2056],[117.1164,27.2078],[117.1498,27.2414],[117.1719,27.2903],[117.1571,27.3018],[117.1372,27.303],[117.1405,27.3228],[117.1095,27.3269],[117.1003,27.3392],[117.0991,27.3792],[117.1275,27.4067],[117.1328,27.4223],[117.1255,27.452],[117.1101,27.4588],[117.1105,27.4951],[117.0988,27.5441],[117.0849,27.5641],[117.0549,27.5426],[117.0201,27.5571],[117.0245,27.5925],[117.0034,27.626],[117.014,27.6302],[117.0204,27.6531],[117.0408,27.6703],[117.061,27.669],[117.094,27.6278],[117.1096,27.632],[117.106,27.6424],[117.1119,27.6454],[117.0962,27.6675],[117.1143,27.692],[117.1726,27.6781],[117.2027,27.6836],[117.2062,27.7158],[117.244,27.7181],[117.2498,27.727],[117.2645,27.7289],[117.2797,27.7499],[117.2778,27.7676],[117.2947,27.7639],[117.3056,27.7755],[117.2978,27.7985],[117.3031,27.8302],[117.2936,27.8432],[117.2766,27.8481],[117.2808,27.8712],[117.3034,27.8721],[117.3181,27.8941],[117.3277,27.8941],[117.3361,27.8783],[117.333,27.8621],[117.3539,27.8596],[117.3666,27.8823],[117.4046,27.8932],[117.4464,27.9327]]],[[[116.7058,29.6971],[116.7034,29.7101],[116.6989,29.7095],[116.7058,29.6971]]],[[[116.7065,29.6966],[116.7055,29.688],[116.7171,29.6908],[116.7162,29.6969],[116.7065,29.6966]]]]}},{"type":"Feature","properties":{"regionId":"shanghai"},"geometry":{"type":"MultiPolygon","coordinates":[[[[121.1537,31.2766],[121.1204,31.2862],[121.1054,31.2737],[121.0869,31.2917],[121.0822,31.2715],[121.0632,31.2679],[121.0577,31.2467],[121.0643,31.2461],[121.0668,31.195],[121.0774,31.1645],[121.0691,31.1487],[121.0454,31.154],[121.0418,31.1389],[121.0267,31.1438],[121.0185,31.1341],[120.9839,31.1317],[120.9303,31.1414],[120.8813,31.1347],[120.8579,31.1085],[120.8598,31.1003],[120.8912,31.0972],[120.9021,31.0857],[120.8946,31.0539],[120.9014,31.0175],[120.911,31.0106],[120.9381,31.009],[120.9363,31.0171],[120.95,31.0176],[120.9522,31.0303],[120.9632,31.0166],[120.9895,31.0144],[120.9905,30.9946],[121.0024,30.9776],[120.9931,30.9721],[120.9917,30.9582],[121.0008,30.9377],[120.999,30.9095],[121.0046,30.9093],[120.9905,30.8958],[121.0219,30.8752],[121.0148,30.871],[121.015,30.8536],[120.99,30.8347],[120.9909,30.8227],[121.0144,30.8358],[121.0301,30.8286],[121.0379,30.8139],[121.045,30.8155],[121.04,30.8272],[121.0489,30.8252],[121.0468,30.8311],[121.062,30.8378],[121.067,30.8488],[121.0977,30.8571],[121.1048,30.8493],[121.1212,30.8502],[121.1177,30.8353],[121.1374,30.83],[121.1266,30.789],[121.1172,30.7861],[121.1234,30.7789],[121.1747,30.772],[121.191,30.7811],[121.197,30.7734],[121.2001,30.7833],[121.218,30.785],[121.2323,30.7558],[121.2715,30.7323],[121.2659,30.7095],[121.2746,30.6774],[121.3619,30.6795],[121.4264,30.7303],[121.5172,30.7754],[121.6484,30.8162],[121.9045,30.8142],[121.9246,30.8066],[121.9437,30.7771],[121.9697,30.7892],[121.9547,30.8258],[121.994,30.8631],[121.9985,30.9],[121.9909,30.9684],[121.9627,31.0473],[121.8098,31.1969],[121.7225,31.3035],[121.603,31.3727],[121.5212,31.3948],[121.5074,31.4059],[121.5172,31.4063],[121.5024,31.4134],[121.506,31.407],[121.4043,31.4792],[121.4054,31.4872],[121.3435,31.5121],[121.3237,31.4996],[121.3055,31.5053],[121.2986,31.4915],[121.2689,31.4875],[121.2548,31.4776],[121.2556,31.4836],[121.2471,31.4771],[121.2409,31.4937],[121.2347,31.4927],[121.2304,31.4774],[121.2144,31.4791],[121.1808,31.4515],[121.1473,31.4439],[121.1478,31.4362],[121.1643,31.4272],[121.1462,31.4211],[121.1589,31.4101],[121.1438,31.3923],[121.1484,31.3854],[121.1138,31.3744],[121.1202,31.3687],[121.1067,31.3645],[121.1083,31.3506],[121.1304,31.3442],[121.13,31.3026],[121.1438,31.3097],[121.1613,31.284],[121.1537,31.2766]]],[[[121.9752,31.617],[121.5785,31.7105],[121.4986,31.7533],[121.4315,31.7693],[121.4109,31.7956],[121.4163,31.7976],[121.4115,31.8063],[121.385,31.8335],[121.3104,31.8725],[121.2656,31.8641],[121.2003,31.8351],[121.1185,31.7591],[121.1453,31.7539],[121.2891,31.6163],[121.3722,31.5532],[121.3955,31.5854],[121.4342,31.5903],[121.6088,31.5069],[121.6829,31.4911],[121.8454,31.4319],[121.9181,31.4347],[121.9818,31.4641],[121.9917,31.4768],[121.9939,31.5119],[121.9752,31.617]]],[[[121.7789,31.3102],[121.7988,31.3104],[121.796,31.3456],[121.7909,31.3671],[121.7694,31.3907],[121.6972,31.424],[121.5856,31.4547],[121.5624,31.4864],[121.5094,31.4898],[121.5723,31.4361],[121.7279,31.3548],[121.7512,31.3378],[121.7643,31.3153],[121.7789,31.3102]]],[[[122.242,31.4191],[122.2436,31.4178],[122.2471,31.4193],[122.2454,31.4213],[122.242,31.4191]]],[[[121.8018,31.357],[121.8066,31.3242],[121.8529,31.2924],[122.0164,31.2823],[122.0978,31.2557],[122.1227,31.3072],[122.1167,31.3212],[121.9517,31.3373],[121.8174,31.3806],[121.7939,31.3805],[121.8018,31.357]]],[[[121.627,31.445],[121.635,31.453],[121.6137,31.4713],[121.5758,31.4782],[121.5942,31.4586],[121.627,31.445]]],[[[121.4267,30.6822],[121.4268,30.6803],[121.4286,30.6817],[121.4267,30.6822]]],[[[121.9432,31.2155],[121.9448,31.1869],[121.9596,31.1593],[121.9957,31.1608],[122.012,31.192],[122.0086,31.221],[121.9573,31.2304],[121.9432,31.2155]]],[[[121.4225,30.6915],[121.4195,30.6916],[121.4195,30.6899],[121.4254,30.6874],[121.4289,30.6891],[121.4266,30.6913],[121.4225,30.6915]]],[[[121.8826,31.2409],[121.8893,31.215],[121.9088,31.1953],[121.9224,31.1969],[121.9236,31.2339],[121.8826,31.2409]]],[[[121.4068,30.705],[121.4066,30.7031],[121.4093,30.7045],[121.4068,30.705]]]]}},{"type":"Feature","properties":{"regionId":"singapore"},"geometry":{"type":"MultiPolygon","coordinates":[[[[103.7219,1.2135],[103.7072,1.2045],[103.7337,1.2035],[103.7219,1.2135]]],[[[103.762,1.2112],[103.7587,1.2178],[103.7598,1.1959],[103.7641,1.1914],[103.7662,1.2024],[103.775,1.1969],[103.765,1.1906],[103.7702,1.1894],[103.7812,1.2094],[103.762,1.2112]]],[[[103.8487,1.2309],[103.8512,1.221],[103.8432,1.2222],[103.8518,1.2134],[103.8583,1.232],[103.8487,1.2309]]],[[[103.7477,1.2374],[103.7403,1.2325],[103.7708,1.2274],[103.7477,1.2374]]],[[[103.7642,1.2405],[103.7607,1.2324],[103.7791,1.2241],[103.7642,1.2405]]],[[[103.8092,1.26],[103.8329,1.2378],[103.8482,1.2512],[103.8092,1.26]]],[[[103.8424,1.2577],[103.8361,1.2639],[103.8242,1.2601],[103.8424,1.2577]]],[[[103.7123,1.2919],[103.7035,1.2903],[103.7084,1.2754],[103.7002,1.2849],[103.6885,1.2723],[103.6841,1.2764],[103.6957,1.2902],[103.6878,1.2906],[103.6564,1.271],[103.6761,1.2279],[103.6696,1.2284],[103.6725,1.2227],[103.6903,1.2401],[103.6802,1.263],[103.685,1.2684],[103.6962,1.251],[103.7139,1.2588],[103.7066,1.2688],[103.7221,1.2609],[103.7263,1.2716],[103.7402,1.273],[103.7123,1.2919]]],[[[103.9348,1.4275],[103.9284,1.4191],[103.9582,1.3994],[103.9924,1.4083],[103.9897,1.4181],[103.959,1.4166],[103.9348,1.4275]]],[[[104.0564,1.432],[104.0288,1.4252],[104.0306,1.4126],[104.0163,1.4292],[104.0092,1.4187],[104.014,1.4091],[104.0303,1.4115],[104.0288,1.4029],[104.0155,1.4016],[104.0236,1.3864],[104.0163,1.4007],[104.0355,1.4056],[104.0534,1.3759],[104.0789,1.3868],[104.0871,1.4055],[104.0743,1.3633],[104.0836,1.3388],[104.0721,1.3455],[104.0827,1.3376],[104.0746,1.3615],[104.0883,1.4039],[104.0805,1.4192],[104.0564,1.432]]],[[[104.0451,1.4377],[104.0193,1.4333],[104.0546,1.4331],[104.0451,1.4377]]],[[[103.8183,1.4709],[103.7692,1.4519],[103.7627,1.4378],[103.7366,1.4387],[103.7303,1.4495],[103.7193,1.451],[103.6744,1.425],[103.6615,1.3887],[103.6342,1.3491],[103.62,1.2835],[103.606,1.2626],[103.6138,1.2677],[103.6125,1.2453],[103.6053,1.244],[103.6178,1.2272],[103.6065,1.2203],[103.6442,1.2115],[103.6104,1.2195],[103.6217,1.2383],[103.6155,1.2543],[103.6394,1.2658],[103.6404,1.2791],[103.65,1.2825],[103.6376,1.3164],[103.6518,1.3157],[103.649,1.3038],[103.657,1.3111],[103.6498,1.3017],[103.6645,1.2869],[103.6744,1.2953],[103.6687,1.3063],[103.6784,1.2966],[103.6814,1.31],[103.6839,1.2991],[103.6951,1.3078],[103.7087,1.302],[103.7108,1.3084],[103.7113,1.2972],[103.7219,1.2995],[103.7127,1.3089],[103.7279,1.3001],[103.7577,1.3001],[103.7723,1.2837],[103.7502,1.2805],[103.7707,1.2682],[103.7806,1.2795],[103.7871,1.2738],[103.7786,1.2592],[103.7855,1.255],[103.7953,1.2716],[103.8051,1.2623],[103.8397,1.2676],[103.8512,1.2607],[103.8516,1.2728],[103.8608,1.2647],[103.8937,1.2935],[103.9631,1.3146],[104.0006,1.3103],[104.0229,1.32],[104.0327,1.3161],[104.0221,1.3346],[104.0327,1.3584],[104.0433,1.3541],[104.0063,1.37],[103.999,1.389],[103.9817,1.393],[103.9668,1.3802],[103.949,1.3831],[103.9125,1.4212],[103.898,1.4147],[103.8771,1.432],[103.8574,1.4254],[103.8626,1.435],[103.8548,1.4483],[103.8457,1.4479],[103.8505,1.4555],[103.8276,1.4686],[103.8185,1.4639],[103.8183,1.4709]]]]}}]}
